coordinates	CONTROL_1	CONTROL_2	CONTROL_3	CONTROL_4	CONTROL_5	CANCER_1	CANCER_2	CANCER_3	CANCER_4	CANCER_5	AVG_CONTROL	AVG_CANCER	DIFF	ABSDIFF	max_PTBP1_binding_3ss_core	max_PTBP1_binding_5ss_core	max_PTBP1_binding_3ss_5ss_core	max_RBFOX1_binding_5ss_core	gene_id
1:241536463-241536564:+	0.0	0.25707288993471733	0.0	0.0	0.0	0.0	0.04666776144730001	0.0	0.0	0.08506854312163298	0.05141457798694347	0.026347260913786596	-0.02506731707315687	0.02506731707315687	0.029957	0.012348	0.029957	0.684831	ENSG00000117009
1:241536472-241536564:+	0.0	0.0	0.12888158907765743	0.0	0.0	0.0	0.0	0.0	0.0	0.0	0.025776317815531486	0.0	-0.025776317815531486	0.025776317815531486	0.029957	0.012348	0.029957	0.684831	ENSG00000117009
1:162592732-162592782:+	0.24009996685111612	0.17453459789883333	0.20858429690209165	0.24233612655450132	0.2904625567850315	0.5601557515407102	0.5965766815330411	0.3527412155109314	0.35228067876882163	0.37809726887289286	0.2312035089983148	0.4479703192452794	0.21676681024696462	0.21676681024696462	0.01939	0.0	0.01939	1.024857	ENSG00000117143
1:162592735-162592782:+	0.02526730570402421	0.04220868581277126	0.10218730759444981	0.09786328339041035	0.048535284739815075	0.1526774436495558	0.2702009013064642	0.12932212013432398	0.16024755712035657	0.08676437973088574	0.06321237344829414	0.15984248038831725	0.09663010694002311	0.09663010694002311	0.01939	0.0	0.01939	1.024857	ENSG00000117143
1:32668320-32668398:+	0.0	0.0	0.0	0.01516883220462828	0.0	0.0	0.007756271488908163	0.0	0.0	0.0034692944117270513	0.003033766440925656	0.002245113180127043	-0.000788653260798613	0.000788653260798613	0.043315	0.045795	0.045795	0.941314	ENSG00000162521
1:45617463-45617591:+	0.9591780378315695	0.9465705136404726	0.9587725127851863	0.9725915271506209	0.9774032384895087	0.9843108221580325	0.9746517975814446	0.9489287237141351	0.9484768022357882	0.9709640812301512	0.9629031659794716	0.9654664453839104	0.0025632794044387897	0.0025632794044387897	0.040962	0.01428	0.040962	0.931274	ENSG00000132780
1:74734118-74734182:+	0.0	0.0	0.0	0.0	0.0	0.7011080319245715	0.3774865287443271	0.6878403418560717	0.5600667488761766	0.5600494731547869	0.0	0.5773102249111867	0.5773102249111867	0.5773102249111867	0.013154	0.014567	0.014567	0.966395	ENSG00000162623
1:92175063-92175249:+	0.5296503063441849	0.5298281995323135	0.4767775831200255	0.5656539467573675	0.7329207164127517	0.2985197973289595	0.46341076937516074	0.6150521599103831	0.6393251376962601	0.592384760905663	0.5669661504333285	0.5217385250432853	-0.045227625390043213	0.045227625390043213	0.0	0.048808	0.048808	0.694141	ENSG00000189195
1:168050892-168050933:+	0.023901716342071097	0.03186302413637299	0.030562376737753624	0.016831863783829948	0.07668019697295407	0.04184955333884765	0.09671246051340612	0.1554749085120936	0.14398898902354962	0.18014489254654928	0.03596783559459634	0.12363416078688927	0.08766632519229292	0.08766632519229292	0.044051	0.012348	0.044051	1.818158	ENSG00000143164
1:185093061-185093276:+	0.87702908620605	0.8533379202715063	0.8333962715506347	0.9641556714146602	1.0	0.7925903158536497	0.8025891784687255	0.8132044462033571	0.8180655880654703	0.8388174816532694	0.9055837898885702	0.8130534020488944	-0.09253038783967582	0.09253038783967582	0.035638	0.0247949999999999	0.035638	1.300473	ENSG00000121481
1:196677476-196677667:+	1.0	1.0	1.0	1.0	1.0	1.0	1.0	1.0	1.0	1.0	1.0	1.0	0.0	0.0	0.023056	0.0	0.023056	1.035154	ENSG00000000971
1:207785619-207785682:+	1.0	1.0	1.0	1.0	1.0	1.0	1.0	1.0	1.0	1.0	1.0	1.0	0.0	0.0	0.0248649999999999	0.023834	0.0248649999999999	1.038132	ENSG00000117335
1:228148234-228148284:+	0.0	0.0002885154169638408	0.0002844494401335383	0.0	0.0003331643519838016	0.0009958525541410525	0.0005652196719715128	0.0	0.00020773484573383274	0.0	0.00018122584181623616	0.00035376141436927963	0.00017253557255304347	0.00017253557255304347	0.026416	0.01428	0.026416	0.909103	ENSG00000143774
1:232608827-232608988:-	0.5008952502733974	0.39512631583213365	0.46801532999119283	0.08048152362699887	0.6489108849766949	0.8708698906973382	0.6388478188022731	0.7015980848922095	0.7233481422893352	1.0	0.41868586094008353	0.7869327873362312	0.36824692639614764	0.36824692639614764	0.039002	0.027603	0.039002	0.931054	ENSG00000116991
1:155668627-155668777:-	0.9908652290194105	0.9690751512945804	0.9771884685090054	0.9858569990021029	0.9550173924052469	0.9850674048563961	0.9573497437588301	0.9831221174440624	0.9578760688662705	0.9641954260021756	0.9756006480460693	0.9695221521855469	-0.006078495860522337	0.006078495860522337	0.0366279999999999	0.01085	0.0366279999999999	0.921291	ENSG00000163374
1:1323181-1323287:-	0.0	0.017234469078309504	0.006562928818897095	0.009340084532671336	0.0016464874319103723	0.005330169221175984	0.01387978737836255	0.0	0.0	0.015411070813394642	0.006956793972357661	0.006924205482586635	-3.258848977102588e-05	3.258848977102588e-05	0.033385	0.0	0.033385	0.908005	ENSG00000127054
1:28027789-28027926:-	0.32909893368985116	0.3643183231818235	0.4241357349302736	0.39099886812461265	0.09044728524600151	0.029062632998360784	0.20327096798099364	0.189148821040951	0.379409011609018	0.3393310005184811	0.31979982903451243	0.22804448682956088	-0.09175534220495155	0.09175534220495155	0.0250939999999999	0.013963	0.0250939999999999	0.929405	ENSG00000158161
1:31910038-31910112:-	0.9213717027117139	0.8775627769645159	0.9123725442842973	0.932838941880313	0.9289418468627315	0.6864268796171485	0.757256147619732	0.7170139441421847	0.8131630259542254	0.8097755806300094	0.9146175625407142	0.75672711559266	-0.1578904469480542	0.1578904469480542	0.037968	0.0	0.037968	0.929289	ENSG00000184007
1:53272604-53272642:-	0.03342600314423296	0.07162601375465807	0.035887953510007585	0.0068787184317550135	0.0	0.0	0.18060587820427168	0.0	0.05604018970307358	0.04019092205140061	0.029563737768130732	0.05536739799174918	0.02580366022361845	0.02580366022361845	0.038783	0.0266959999999999	0.038783	1.127134	ENSG00000157193
1:83902154-83902240:-	0.0014053038964512046	0.002437899987146468	0.001418868449070432	0.001612088674624503	0.000735379220797237	0.002970386611977683	0.011975681996817669	0.0038909025863188068	0.0	0.011195250840182972	0.0015219080456179688	0.006006444407059426	0.004484536361441457	0.004484536361441457	0.034056	0.016012	0.034056	0.930975	ENSG00000137941
1:197715031-197715074:-	1.0	1.0	1.0	1.0	1.0	1.0	1.0	1.0	1.0	1.0	1.0	1.0	0.0	0.0	0.028002	0.026233	0.028002	0.925719	ENSG00000213047
1:246843795-246843928:-	1.0	1.0	1.0	1.0	0.5061204695351036	0.7358512585714007	0.5743989555733666	0.6442203837553738	0.6990386644717403	0.6562331297797042	0.9012240939070206	0.6619484784303171	-0.2392756154767035	0.2392756154767035	0.012102	0.0	0.012102	1.071966	ENSG00000153207
10:12084540-12084751:+	1.0	1.0	1.0	1.0	0.9932552005429048	1.0	1.0	1.0	0.9914508517701492	1.0	0.9986510401085809	0.9982901703540298	-0.0003608697545510742	0.0003608697545510742	0.027533	0.038807	0.038807	1.082218	ENSG00000181192
10:88596790-88596936:+	1.0	1.0	0.4525819095094944	1.0	1.0	0.08219706129524239	0.0	0.0	1.0	1.0	0.8905163819018987	0.4164394122590485	-0.47407696964285023	0.47407696964285023	0.0236019999999999	0.0402939999999999	0.0402939999999999	0.916387	ENSG00000204022
10:119580471-119580846:-	0.05344640125361815	0.07512681098741868	0.08493823149327454	0.06394019272543412	0.09090643107616996	0.03454597809039182	0.03733402931745432	0.0524416380771052	0.038109050952362326	0.04164322508321191	0.07367161350718308	0.040814784304105116	-0.03285682920307797	0.03285682920307797	0.025092	0.026804	0.026804	0.908108	ENSG00000151923
10:33202912-33202995:-	0.9155502454369469	0.9192199071006558	1.0	0.9724354263385255	0.8952101730939166	0.8850554861978083	0.9351630996437346	0.92167891295166	0.7277601068844143	1.0	0.940483150394009	0.8939315211355234	-0.04655162925848555	0.04655162925848555	0.034947	0.0	0.034947	0.626669	ENSG00000099250
10:3783216-3783281:-	0.00465164219937263	0.05979435132809443	0.02586478905945802	0.025631859363000362	0.0	0.0023796355353642652	0.00756378200354968	0.014748905554364023	0.013783515226523647	0.003328811593504904	0.02318852838998509	0.008360929982661304	-0.014827598407323785	0.014827598407323785	0.047176	0.045908	0.047176	1.08664	ENSG00000067082
10:114173141-114173265:-	0.3598616530889878	0.4852732846938491	0.46229571599675356	0.43470660723250826	0.20609686779794079	0.2534693174163024	0.24524659289127979	0.35783064159645595	0.06888492028328573	0.3689573481548706	0.38964682576200793	0.2588777640684389	-0.13076906169356906	0.13076906169356906	0.036294	0.016464	0.036294	0.921589	ENSG00000165813
10:118033982-118034041:-	0.5873110889530915	0.7668577534183263	0.6909954015882486	0.7521192502660421	0.8726249709416183	0.7238155533586653	0.69280516469607	0.6924491553677794	0.4418559782741424	0.44653952073732156	0.7339816930334654	0.5994930744867958	-0.1344886185466696	0.1344886185466696	0.04103	0.023367	0.04103	0.941926	ENSG00000107560
11:66482180-66482470:+	1.0	1.0	1.0	1.0	1.0	1.0	1.0	1.0	1.0	1.0	1.0	1.0	0.0	0.0	0.029307	0.0	0.029307	0.927475	ENSG00000254986
11:28211062-28211198:+	0.9866064130911719	1.0	0.9876026885735625	0.9871222779171281	0.9654704702385286	0.9932596628305699	0.9942647560739144	0.9780493744598495	0.958335084655741	0.9768314830737911	0.9853603699640783	0.9801480722187732	-0.005212297745305072	0.005212297745305072	0.043787	0.022882	0.043787	0.908021	ENSG00000169519
11:28197441-28197549:+	0.0	0.0	0.0	0.0	0.0	0.0	0.0	0.0	0.0	0.0	0.0	0.0	0.0	0.0	0.0291109999999999	0.010171	0.0291109999999999	1.146492	ENSG00000169519
11:36648016-36648155:+	1.0	1.0	1.0	1.0	0.9713923504032069	0.9915959339528466	0.9896826768307461	0.9858663822403203	1.0	0.9758386688976306	0.9942784700806413	0.9885967323843087	-0.005681737696332623	0.005681737696332623	0.016461	0.0	0.016461	0.903551	ENSG00000166352
11:76012927-76013102:+	0.0	0.017759694135203282	0.013371166341730079	0.004030560808703062	0.013986374970651631	0.016617480615277826	0.0	0.005222500759006343	0.0	0.0	0.00982955925125761	0.004367996274856833	-0.005461562976400777	0.005461562976400777	0.037817	0.0	0.037817	0.660533	ENSG00000198382
11:66000303-66000481:-	1.0	0.6383690332780511	0.5972542667396732	0.7874479725345487	1.0	0.6541872692536138	1.0	0.9667441494336967	0.8894508394132126	1.0	0.8046142545104544	0.9020764516201046	0.0974621971096502	0.0974621971096502	0.028848	0.0	0.028848	0.9035	ENSG00000175376
11:66000303-66000505:-	1.0	0.396839742939621	0.0	0.31678533599055825	1.0	0.4885861308717146	1.0	0.8550603746930813	0.6395045010737689	1.0	0.5427250157860358	0.7966302013277129	0.25390518554167707	0.25390518554167707	0.037818	0.0	0.037818	0.9035	ENSG00000175376
11:6410627-6411361:-	0.9905251998787403	0.9942581311663596	0.9897739543257187	0.9954683471346006	0.994564120061314	0.95875549268683	0.9837032566362561	0.9863401489336399	0.9647834352404264	0.9867940805123743	0.9929179505133467	0.9760752828019055	-0.016842667711441273	0.016842667711441273	0.046306	0.032053	0.046306	1.201055	ENSG00000166313
11:16855619-16855711:-	0.0	0.0	0.0	0.0	0.0	0.0	0.0	0.017661389774938308	0.0	0.0	0.0	0.0035322779549876613	0.0035322779549876613	0.0035322779549876613	0.04882	0.0	0.04882	0.963276	ENSG00000166689
11:62920673-62920764:-	0.02554739522540601	0.02398066152508802	0.02436412318297543	0.015621658107276991	0.01502639314737976	0.03874276635114676	0.0	0.0	0.0	0.03428411580570177	0.020908046237625242	0.014605376431369707	-0.006302669806255535	0.006302669806255535	0.025841	0.0	0.025841	0.927483	ENSG00000168539
11:73718613-73718718:-	1.0	0.9968032769695208	0.9989465027938055	0.9990158815701385	0.9970165345599656	1.0	1.0	0.9911769158362835	0.9668789496508842	0.9802139503290893	0.9983564391786862	0.9876539631632515	-0.010702476015434725	0.010702476015434725	0.035109	0.0409319999999999	0.0409319999999999	1.227722	ENSG00000175582
11:116782158-116782244:-	0.7352339460838679	0.7166807425636649	0.7744931330101331	0.6701392115947759	0.6172076402375467	0.4703931656499338	0.4824645511104295	0.484883279421724	0.5463508485930245	0.4844540495872675	0.7027509346979977	0.4937091788724759	-0.20904175582552176	0.20904175582552176	0.046054	0.0	0.046054	0.909091	ENSG00000109917
12:6730669-6730820:+	1.0	0.9957331759496061	0.9891020546336	0.9970447397365159	1.0	0.9769243474485867	0.9943396985681676	0.9847911319803043	0.9981681832909437	1.0	0.9963759940639445	0.9908446722576004	-0.0055313218063440805	0.0055313218063440805	0.013537	0.0	0.013537	0.908112	ENSG00000111652
12:27658816-27658848:+	0.33965240854468093	0.3257106708098324	0.2903666570219231	0.25412075459324335	0.6959299179131946	0.7128417648071326	0.6327232464658268	0.7587938677577822	0.6619398834763769	0.6668624324176323	0.3811560817765749	0.6866322389849502	0.3054761572083753	0.3054761572083753	0.011781	0.010171	0.011781	0.90798	ENSG00000110841
12:31084583-31084669:+	1.0	1.0	1.0	1.0	1.0	0.9871780730556126	0.9928562605591418	1.0	0.9944838079306899	0.9901283977094877	1.0	0.9929293078509864	-0.007070692149013569	0.007070692149013569	0.019388	0.010171	0.019388	0.7143619999999999	ENSG00000013573
12:32338786-32338979:+	0.0	0.0	0.0	0.0	0.0	0.22993945255758913	0.36638118291808097	0.4868415799366632	0.3601152498876959	0.4714451047963913	0.0	0.3829445140192841	0.3829445140192841	0.3829445140192841	0.033443	0.021018	0.033443	0.931937	ENSG00000151746
12:53297850-53297924:+	1.0	0.7629392595500735	0.9429145847162369	0.8430291508136495	0.9294053001535233	0.82459874416247	0.9072363605737598	0.8595734109192925	0.8287759470905728	0.8701993981927038	0.8956576590466966	0.8580767721877598	-0.03758088685893679	0.03758088685893679	0.025674	0.03993	0.03993	0.621265	ENSG00000123349
12:62566014-62566031:+	0.7328267149101777	0.7264665606741092	0.7372337736524732	0.6042787799688913	0.5520391311342535	0.6128656933070513	0.550541700949202	0.5034731501236563	0.49359845165818134	0.46447645482855715	0.6705689920679809	0.5249910901733296	-0.14557790189465136	0.14557790189465136	0.041092	0.043617	0.043617	1.015392	ENSG00000061987
12:76059798-76059878:-	0.951029969634125	0.9088816379825072	0.9429192566021101	0.9480135886766161	0.9425636305074172	0.9509643258007051	0.9579632560038586	0.9320325461084317	0.9256579110609422	0.9238187597188272	0.9386816166805552	0.9380873597385528	-0.0005942569420023247	0.0005942569420023247	0.013158	0.0	0.013158	0.905591	ENSG00000187109
12:76059777-76059878:-	0.8464554929311074	0.6775594876437533	0.7965674667510475	0.7252894622566387	0.7009751771645532	0.7312339626701481	0.7946508543297398	0.7232918512990911	0.7367356822231115	0.655834052109264	0.74936941734942	0.7283492805262709	-0.02102013682314907	0.02102013682314907	0.013158	0.013824	0.013824	1.017273	ENSG00000187109
12:48679036-48679238:-	0.06690563740411543	0.0	0.0	0.03210200382328741	0.04436586889328727	0.025932419797590776	0.0	0.08575077868247492	0.0	0.04029259378386739	0.02867470202413802	0.03039515845278662	0.001720456428648598	0.001720456428648598	0.030185	0.016462	0.030185	0.926946	ENSG00000139620
12:55701379-55701416:-	0.0	0.05756541158774344	0.04519792626857731	0.0	0.0	0.0	0.0	0.36921211913451046	0.0	0.24888948983895404	0.02055266757126415	0.12362032179469291	0.10306765422342876	0.10306765422342876	0.04561	0.033709	0.04561	3.017898	ENSG00000135424
12:69694370-69694464:-	0.18510335405754216	0.10300063161556275	0.0	0.20936996382600515	0.04074533129376201	0.20476159442917233	0.0	0.07923411796336875	0.0	0.04540294395400744	0.10764385615857441	0.06587973126930971	-0.0417641248892647	0.0417641248892647	0.037301	0.017331	0.037301	1.054268	ENSG00000127325
12:75503904-75504074:-	0.6333946451450948	0.5273312860954895	0.6148694116658306	1.0	0.4942535905913376	0.38240531073045486	0.4278320590162571	0.3565199761979007	0.326736070269464	0.30101914496690085	0.6539697866995506	0.3589025122361955	-0.2950672744633551	0.2950672744633551	0.028161	0.017337	0.028161	0.930099	ENSG00000111615
12:79848788-79848931:-	0.0	0.0	0.0	0.0	0.0	0.0	0.0	0.0	0.0	0.0	0.0	0.0	0.0	0.0	0.044695	0.029779	0.044695	1.065218	ENSG00000058272
12:95208843-95211267:-	0.9357032933335893	0.9583827654479883	1.0	1.0	0.9736733476396064	1.0	1.0	1.0	1.0	1.0	0.9735518812842369	1.0	0.026448118715763136	0.026448118715763136	0.018319	0.010852	0.018319	0.925516	ENSG00000180263
12:109568770-109568863:-	0.14214109265548872	0.1158206219041244	0.030965430573268535	0.02647008327978701	0.02424813186387628	0.06483149480820401	0.08077681059669554	0.022135511938619942	0.022974925057999935	0.0464669622569941	0.06792907205530899	0.04743714093170271	-0.020491931123606276	0.020491931123606276	0.040125	0.024603	0.040125	0.713908	ENSG00000139428
13:42225290-42225337:+	0.0	0.0	0.0	0.0	0.0	0.0	0.0	0.0	0.0	0.0	0.0	0.0	0.0	0.0	0.011192	0.0	0.011192	0.716226	ENSG00000102780
13:72734960-72735005:+	0.9297873622731033	1.0	1.0	1.0	1.0	0.8973608324781651	0.9846148714626427	1.0	0.9716733980516254	0.9181637127328082	0.9859574724546206	0.9543625629450482	-0.031594909509572444	0.031594909509572444	0.020446	0.0	0.020446	0.909098	ENSG00000136122
13:75805479-75805760:+	0.7217180095754103	0.6992726730479085	0.7205250480563401	0.9131555173422753	0.9409032265594341	1.0	1.0	1.0	1.0	0.8768453256602627	0.7991148949162736	0.9753690651320526	0.17625417021577894	0.17625417021577894	0.02844	0.0	0.02844	0.934548	ENSG00000136153
13:75855260-75855368:+	0.4700005927057016	0.532011688732546	0.5888335476116386	0.5578212011343884	0.6833976101843726	0.8674133630843986	0.9963846323576773	1.0	1.0	0.9737502855238276	0.5664129280737293	0.9675096561931806	0.4010967281194513	0.4010967281194513	0.027371	0.027115	0.027371	0.612746	ENSG00000136153
13:98825872-98825940:-	0.3346557550314004	0.31255675180773157	0.38591385038180387	0.23261773089260213	0.1766993747200206	0.12895190681946267	0.21225379464311347	0.199867021832285	0.18349710518007153	0.12657278486401988	0.28848869256671167	0.1702285226677905	-0.11826016989892116	0.11826016989892116	0.033557	0.010413	0.033557	0.908113	ENSG00000088387
13:98825872-98825975:-	0.010964320434156506	0.027589922303477555	0.01403735296728859	0.0	0.0024440789589975868	0.0	0.0	0.0	0.0	0.0	0.011007134932784048	0.0	-0.011007134932784048	0.011007134932784048	0.0343339999999999	0.010413	0.0343339999999999	0.908113	ENSG00000088387
14:58366024-58366068:+	0.21080637599624957	0.07120123519354367	0.0	0.0	0.0	0.0	0.4187189921400301	0.11111952625163198	0.0	0.18770689188532724	0.05640152223795865	0.14350908205539786	0.08710755981743921	0.08710755981743921	0.0414439999999999	0.025001	0.0414439999999999	0.607808	ENSG00000032219
14:71528699-71528740:+	0.18009627869524222	0.24097737087076293	0.16806638315145778	0.24985270266880297	0.11636176576145468	0.05497458984030344	0.13560319544706145	0.1327186574869299	0.10542674193604273	0.16531376239307222	0.19107090022954415	0.11880738942068195	-0.0722635108088622	0.0722635108088622	0.045393	0.011384	0.045393	0.941078	ENSG00000197555
14:73083494-73083551:+	0.9581374252763828	0.9193760522595176	0.934096348061321	0.9614382858877794	0.9892690045427063	1.0	1.0	1.0	1.0	1.0	0.9524634232055413	1.0	0.04753657679445866	0.04753657679445866	0.016462	0.0	0.016462	0.907983	ENSG00000119707
14:73894359-73894409:+	0.020623963085871472	0.022017850271601976	0.012043759473098546	0.01777100932027905	0.007235889776542591	0.011261908801673076	0.006628316827128656	0.006069291314230929	0.022366845825790106	0.019150715799602987	0.015938494385478726	0.013095415713685148	-0.002843078671793578	0.002843078671793578	0.02297	0.012403	0.02297	0.746541	ENSG00000119725
14:90260115-90260211:+	0.4499815316017855	0.3942940984192762	0.4559772134512175	0.38049920337793547	0.35916588139076966	0.3655261464423757	0.4248972807438771	0.394927831930444	0.39991271227732683	0.42758654275230634	0.4079835856481969	0.40257010282926603	-0.0054134828189308926	0.0054134828189308926	0.034372	0.011074	0.034372	0.934545	ENSG00000100764
14:102208603-102209862:+	0.0	0.8541261955719972	0.0	0.793621655111959	0.8092407477910638	0.0	0.8095620163730564	0.7572146700680795	0.0	0.0	0.491397719695004	0.3133553372882272	-0.17804238240677683	0.17804238240677683	0.035912	0.0	0.035912	1.103964	ENSG00000140153
14:103684986-103685036:+	0.20978354488060424	0.18261129987476113	0.1524677336153694	0.2650836865563911	0.23853130603943123	0.16804884459655953	0.10376121294737815	0.12599834933581	0.14581848503390504	0.24821542401124155	0.2096955141933114	0.15836846318497882	-0.05132705100833257	0.05132705100833257	0.049393	0.045379	0.049393	0.902488	ENSG00000126214
14:54482153-54482202:-	0.9932807924953947	0.9873707444607163	0.9913596881035296	0.9927360952912484	0.99398293692583	0.9819441870446053	0.9927420224270286	0.9887169079513597	0.9891665585780309	0.9829980533771401	0.9917460514553438	0.9871135458756329	-0.004632505579710844	0.004632505579710844	0.014081	0.0	0.014081	0.8096969999999999	ENSG00000197045
14:54482122-54482202:-	0.9213162861374325	0.7507578257667317	0.8805373344199003	0.7288861577843146	0.8716470451651128	0.818815905791557	0.9362952978148131	0.7868162541017609	0.9137835401046384	0.7992652695411361	0.8306289298546984	0.8509952534707811	0.020366323616082704	0.020366323616082704	0.014081	0.0	0.014081	0.831223	ENSG00000197045
14:21018457-21018504:-	0.9929269086059407	0.9928024569973801	0.9935228727624593	0.9964080677793993	0.9909955191466809	0.9716185173584612	0.9852945546138425	0.9812149586966311	0.9844936786907679	0.9890348028218641	0.993331165058372	0.9823313024363134	-0.010999862622058654	0.010999862622058654	0.044276	0.042993	0.044276	0.903493	ENSG00000165795
14:30913524-30913657:-	0.9825694125924342	1.0	0.9918188855602191	0.996143518318535	0.995910131379152	1.0	0.9678129985587234	0.9670713887065032	0.964517730300152	0.9820587801418276	0.9932883895700682	0.9762921795414412	-0.016996210028626946	0.016996210028626946	0.029317	0.02979	0.02979	0.931274	ENSG00000196792
14:81209870-81209936:-	0.005510347940749238	0.014589596721309503	0.0	0.0019221525144354394	0.0	0.035406404590935095	0.013795581238321059	0.012939280660146543	0.014892164056524949	0.004471593408783259	0.004404419435298837	0.01630100479094218	0.011896585355643344	0.011896585355643344	0.024869	0.027653	0.027653	0.940874	ENSG00000165417
14:93261602-93261677:-	1.0	1.0	1.0	1.0	1.0	1.0	1.0	1.0	1.0	1.0	1.0	1.0	0.0	0.0	0.047769	0.016462	0.047769	0.930094	ENSG00000011114
15:42405926-42405943:+	0.246492867281162	0.35803391771679355	0.2908157817154162	0.2302466540608679	0.16513137374100598	0.0	0.0	0.0	0.0	0.10261520191743362	0.25814411890304917	0.020523040383486724	-0.23762107851956243	0.23762107851956243	0.0306159999999999	0.042224	0.042224	2.333285	ENSG00000092529
15:42405932-42405943:+	0.0	0.0	0.0	0.0	0.0	0.0	0.0	0.0	0.0	0.0	0.0	0.0	0.0	0.0	0.0306159999999999	0.042224	0.042224	2.333285	ENSG00000092529
15:24912363-24912530:+	0.10602793018009428	0.16436338517925783	0.10305606536821876	0.13863855408036108	0.11019361041937788	1.0	1.0	0.5542219070686467	0.9207337683470359	0.6015100544371366	0.12445590904546197	0.8152931459705639	0.6908372369251019	0.6908372369251019	0.045602	0.013968	0.045602	1.352191	ENSG00000128739
15:50484275-50484361:+	0.08431178989204918	0.08161861972110045	0.07660017359994857	0.1199403095495252	0.09515755215571048	0.0628392996230583	0.06668912151511185	0.06326678560594766	0.041792696800099505	0.04784683294711948	0.09152568898366678	0.056486947298267365	-0.035038741685399416	0.035038741685399416	0.041764	0.013827	0.041764	0.993758	ENSG00000138592
15:57001349-57001384:+	0.0	0.03970926136478792	0.0	0.0	0.01173225482088481	0.0	0.01395374807154237	0.01846114732820906	0.0	0.0	0.010288303237134545	0.006482979079950287	-0.0038053241571842584	0.0038053241571842584	0.04593	0.0	0.04593	0.905587	ENSG00000140262
15:63251284-63251342:+	0.0	0.005862401793363594	0.01177151246312808	0.01191394770167908	0.014057955300507336	0.0	0.02106241432907697	0.0	0.0	0.016493879353573517	0.008721163451735618	0.007511258736530096	-0.001209904715205522	0.001209904715205522	0.030713	0.0	0.030713	1.814055	ENSG00000166128
15:69425282-69425323:+	0.9505277262054624	0.0	0.0	0.8495381364954059	0.1951464762982632	0.41868627699211663	0.43825158064479575	0.5866322269287004	0.5534626681103438	0.7320295466108265	0.3990424677998263	0.5458124598573566	0.14676999205753033	0.14676999205753033	0.039888	0.016464	0.039888	1.059663	ENSG00000137807
15:74032572-74032715:+	0.5241959561548022	0.4208649707585288	0.45766863649678025	0.45518954199699296	0.43731292816225	0.4610061172141495	0.47678859071120117	0.408748200025897	0.4317726637896315	0.41953839878049315	0.45904640671387087	0.43957079410427446	-0.019475612609596404	0.019475612609596404	0.013866	0.031809	0.031809	1.252471	ENSG00000140464
15:78937686-78937792:-	0.0	0.0	0.0	0.0011894609858248777	0.006767970195622173	0.0	0.0	0.0	0.0	0.0	0.0015914862362894102	0.0	-0.0015914862362894102	0.0015914862362894102	0.038618	0.0	0.038618	0.909105	ENSG00000103811
15:78937686-78937823:-	0.01834121713702336	0.006151455698498846	0.0014686284397345106	0.01446636241647428	0.0014037585733695397	0.0323480046318901	0.018036059950994072	0.012261642970537695	0.00904695437048425	0.019013550745939356	0.008366284453020107	0.018141242533969097	0.009774958080948989	0.009774958080948989	0.031245	0.0	0.031245	0.909105	ENSG00000103811
15:25411908-25411971:-	0.6641991360180882	0.608729797283778	0.5711400241531298	0.37442533206950546	0.49239826034571144	0.0826330066425573	0.24817746461066634	0.21584317726933785	0.263424228021382	0.5524059120007807	0.5421785099740426	0.2724967577089449	-0.2696817522650977	0.2696817522650977	0.037319	0.010756	0.037319	0.923314	ENSG00000114062
15:43902175-43902262:-	1.0	1.0	1.0	1.0	1.0	1.0	1.0	1.0	1.0	1.0	1.0	1.0	0.0	0.0	0.038398	0.0	0.038398	0.921723	ENSG00000171877
15:79012489-79012527:-	0.24882318966925898	0.21728707392574131	0.2452937357691894	0.2750533931928734	0.06635605171652799	0.0	0.0	0.0	0.0	0.05425090618825162	0.2105626888547182	0.010850181237650323	-0.19971250761706788	0.19971250761706788	0.0263	0.011031	0.0263	0.93127	ENSG00000058335
15:82252691-82252775:-	1.0	0.979402923703425	0.9162796959181113	0.9391697544636954	0.9740520053466089	0.9840313087736552	0.9394085696826298	0.9904937581332882	0.935860530170587	0.9576825838445228	0.9617808758863682	0.9614953501209366	-0.0002855257654316157	0.0002855257654316157	0.043385	0.04143	0.043385	0.906919	ENSG00000140598
16:7595549-7595641:+	0.9954187655692179	0.9983010438551008	0.9981980966526404	0.9909073002070157	1.0	1.0	1.0	1.0	1.0	1.0	0.996565041256795	1.0	0.0034349587432049855	0.0034349587432049855	0.015675	0.0	0.015675	0.932016	ENSG00000078328
16:50069245-50069289:+	0.0	0.02375926407762101	0.0	0.0	0.0	0.03492907032422656	0.05014226623000999	0.053694729410657706	0.0	0.0	0.004751852815524202	0.027753213192978847	0.023001360377454646	0.023001360377454646	0.0280559999999999	0.0	0.0280559999999999	0.923324	ENSG00000155393
16:56355256-56355328:+	0.0	0.0	0.0	0.0	0.0	0.0	0.0	0.0	0.0	0.0	0.0	0.0	0.0	0.0	0.01646	0.01017	0.01646	0.695723	ENSG00000087258
16:68221196-68221284:+	0.0	0.06060510502789068	0.08090013798327965	0.020340517112615163	0.04521876469549342	0.09975756294121808	0.11197403584658717	0.16188511792930485	0.07370909260225862	0.10406102748302105	0.04141290496385579	0.11027736736047795	0.06886446239662217	0.06886446239662217	0.0	0.037159	0.037159	0.907983	ENSG00000072736
16:71867912-71868037:-	0.9042299087453137	0.8266798704632229	0.8989886164862052	0.8742496680747821	0.852926845979225	0.8235878516430827	0.9231377650281818	0.8929846040310266	0.8809118506999959	0.8346356852036618	0.8714149819497496	0.8710515513211898	-0.00036343062855981323	0.00036343062855981323	0.0485559999999999	0.037771	0.0485559999999999	0.931275	ENSG00000102984
16:71867893-71868037:-	0.9219040239028896	0.8575997739787397	0.9072730960817242	0.8859332267516974	0.9209448434607985	0.8278481250346973	0.9332859391855576	0.9151392167131929	0.8988518797368145	0.8770028713797706	0.8987309928351699	0.8904256064100066	-0.00830538642516332	0.00830538642516332	0.0485559999999999	0.02919	0.0485559999999999	0.934551	ENSG00000102984
16:4729980-4730151:-	1.0	0.8877863479650975	1.0	0.9799478731610682	0.9634395630675436	1.0	0.765313837736067	0.9720501954150459	0.6482827203849585	0.953200862943727	0.9662347568387419	0.8677695232959597	-0.09846523354278225	0.09846523354278225	0.031358	0.0	0.031358	0.65877	ENSG00000168096
16:11796219-11796415:-	0.015978726960674813	0.00857586822506034	0.0	0.014097615700782298	0.0	0.13324253768197056	0.009312761721215876	0.019889905978476053	0.010908621272112553	0.0	0.00773044217730349	0.03467076533075501	0.026940323153451524	0.026940323153451524	0.022649	0.012109	0.022649	0.940959	ENSG00000122299
16:24959671-24959752:-	0.8564428807843224	0.8967919258772986	0.8279757210457854	1.0	0.9854199954748193	1.0	1.0	1.0	1.0	1.0	0.9133261046364451	1.0	0.08667389536355485	0.08667389536355485	0.036573	0.02627	0.036573	1.013512	ENSG00000140750
16:67677766-67677857:-	0.0	0.0	0.0	0.0	0.0	0.0	0.016839410453820796	0.0	0.0	0.0	0.0	0.003367882090764159	0.003367882090764159	0.003367882090764159	0.02248	0.0	0.02248	0.907701	ENSG00000141098
16:81090601-81090680:-	0.9558507045166857	0.9043837212053559	1.0	0.9396461273263629	0.9504774144166086	0.8855068180298908	0.9350286116372204	0.928337819001123	0.8771289749959366	0.9113474439280113	0.9500715934930026	0.9074699335184363	-0.04260165997456633	0.04260165997456633	0.025023	0.0	0.025023	0.923327	ENSG00000140905
17:5138971-5139181:+	0.0	0.0	0.0	0.0	0.0	0.0	0.0	0.0	0.0	0.0	0.0	0.0	0.0	0.0	0.023069	0.01318	0.023069	0.921595	ENSG00000129204
17:30118080-30118173:+	0.9788898385707072	0.865662248887929	0.8034041008112294	0.8338829709983591	0.6083028209961773	0.5841875438914502	0.6968477384195021	0.5923315423903069	0.582319389816775	0.4593725902001029	0.8180283960528802	0.5830117609436274	-0.23501663510925286	0.23501663510925286	0.023063	0.013977	0.023063	0.94121	ENSG00000126653
17:80278764-80278910:+	0.5729235394747758	0.5770097373240269	0.7032671325563381	0.4608212006759144	0.578628130564314	0.42820897358320836	0.5553642835155964	0.596915605821174	0.7619109290408093	0.5834586974795135	0.5785299481190739	0.5851716978880603	0.00664174976898646	0.00664174976898646	0.042922	0.048945	0.048945	0.946712	ENSG00000173821
17:1364859-1365058:-	0.9633139809895659	0.9851942548803769	0.7342643982776442	0.5761850711258536	1.0	0.9796190702249783	0.9621916816519138	0.9716596568460285	0.9960342887414088	0.8879886374867473	0.851791541054688	0.9594986669902154	0.10770712593552734	0.10770712593552734	0.010971	0.0	0.010971	0.927485	ENSG00000108953
17:7237629-7237660:-	1.0	1.0	1.0	0.9882483861809841	1.0	0.9865600102889074	1.0	1.0	1.0	0.9911216823877101	0.9976496772361969	0.9955363385353235	-0.0021133387008733795	0.0021133387008733795	0.037305	0.046934	0.046934	0.90463	ENSG00000040633
17:15977579-15977913:-	1.0	0.6536003792083426	0.3125415920803519	0.4508484332926119	0.5217209111454052	0.1555517517734205	0.18051674174300308	0.30233551057564007	0.21674977950226199	0.3753096218587281	0.5877422631453423	0.24609268109061078	-0.3416495820547315	0.3416495820547315	0.0374349999999999	0.024196	0.0374349999999999	0.927293	ENSG00000214941
17:37520179-37520214:-	0.823712320481805	0.7732867511478362	0.7275078816499687	0.9019507816989271	0.9291090207830407	0.7695398408411772	0.6396249017601162	0.7074978925545797	0.6689167478477022	0.7797784003850243	0.8311133511523157	0.7130715566777199	-0.11804179447459573	0.11804179447459573	0.016464	0.0	0.016464	0.906741	ENSG00000275066
17:37635551-37635604:-	0.06400514854170411	0.036809160494132485	0.03145080731602011	0.0540032022231361	0.0	0.06270244664568093	0.05715920833682167	0.06679538319396962	0.014582448189585989	0.11296660391970248	0.03725366371499857	0.06284121805715213	0.025587554342153568	0.025587554342153568	0.025007	0.017334	0.025007	0.927479	ENSG00000278053
17:44474829-44474903:-	1.0	1.0	1.0	1.0	1.0	1.0	1.0	1.0	1.0	1.0	1.0	1.0	0.0	0.0	0.046119	0.049222	0.049222	0.904511	ENSG00000186566
17:44473725-44473759:-	0.03568369635046609	0.0	0.0948251575157647	0.0	0.08187229913028136	0.0	0.02024199863129045	0.0	0.017467892607744093	0.05303139563036309	0.04247623059930243	0.01814825737387953	-0.024327973225422902	0.024327973225422902	0.013185	0.023635	0.023635	0.8461740000000001	ENSG00000186566
17:78823113-78823183:-	0.01165094490455025	0.013283901907954395	0.03519538453729761	0.0	0.007579782288527533	0.0	0.0	0.015841291882435986	0.0	0.03381356316819544	0.013542002727665958	0.009930971010126285	-0.0036110317175396724	0.0036110317175396724	0.02658	0.025417	0.02658	0.944772	ENSG00000055483
18:79486248-79486937:+	1.0	0.8896247365166485	1.0	1.0	1.0	1.0	1.0	1.0	1.0	1.0	0.9779249473033296	1.0	0.022075052696670427	0.022075052696670427	0.04098	0.0	0.04098	0.943686	ENSG00000131196
18:41957570-41957758:+	0.928097764007836	0.9678096946763705	0.9344485029345015	0.832414292982444	1.0	0.8859819928502541	0.9798942080486356	0.8951056114986151	0.9676321655918336	0.8855606626764988	0.9325540509202306	0.9228349281331674	-0.009719122787063217	0.009719122787063217	0.023357	0.0	0.023357	0.92747	ENSG00000078142
18:10801390-10801428:-	0.84778284259565	0.9246450928777928	0.9203518319825168	0.9351457427787659	0.9159303032127745	1.0	1.0	1.0	1.0	1.0	0.9087711626895001	1.0	0.09122883731049991	0.09122883731049991	0.02873	0.034871	0.034871	0.94096	ENSG00000154864
18:13687743-13687882:-	0.0	0.0	0.028115182258312298	0.009189744627855498	0.009247641464269568	0.009658807717892376	0.032500137648623625	0.02272681216961927	0.013727459549872523	0.0	0.009310513670087473	0.015722643417201556	0.006412129747114083	0.006412129747114083	0.02448	0.0	0.02448	0.996648	ENSG00000177150
18:34128849-34128889:-	0.053726275334371694	0.056805425531231184	0.0695143705367756	0.10480870031449814	0.08653867572741138	0.14608492584542968	0.28274089712722195	0.08330344357194347	0.09390092585069332	0.2943425113591833	0.0742786894888576	0.18007454075089435	0.10579585126203675	0.10579585126203675	0.032978	0.010171	0.032978	0.905586	ENSG00000101746
19:37601010-37601105:+	0.8462809027449357	0.9501128661553195	0.9412149057570224	1.0	0.892619918210673	1.0	1.0	1.0	1.0	1.0	0.92604571857359	1.0	0.07395428142641003	0.07395428142641003	0.046943	0.0	0.046943	0.921514	ENSG00000171817
19:3922159-3922222:+	0.0098247099833793	0.001120715769758701	0.005391095585643694	0.001639942806458621	0.0	0.004408664687083963	0.0	0.0	0.0	0.013302138537781331	0.0035952928290480636	0.003542160644973059	-5.313218407500481e-05	5.313218407500481e-05	0.0273829999999999	0.011812	0.0273829999999999	0.904369	ENSG00000167654
19:8473664-8473708:+	0.712404084492902	0.7266816830481179	0.6987609375915437	0.7526005284279408	0.7498624679141337	0.7918619920948207	0.886291028263279	0.9215647375101221	0.8237876017786963	0.7805361916504903	0.7280619402949275	0.8408083102594816	0.112746369964554	0.112746369964554	0.011448	0.0	0.011448	0.904561	ENSG00000099783
19:9838012-9838075:+	0.009490952620455486	0.012817974593977852	0.010589421642250723	0.008557673475448703	0.008297495299309275	0.007467934130280873	0.0	0.007151788400287035	0.006942478046109713	0.0019511065400147967	0.009950703526288409	0.0047026614233384835	-0.005248042102949925	0.005248042102949925	0.046048	0.0	0.046048	0.931884	ENSG00000127445
19:11778116-11778179:+	0.006131521730069518	0.0	0.005582947013339106	0.0	0.0	0.0	0.0	0.0	0.0	0.0	0.002342893748681725	0.0	-0.002342893748681725	0.002342893748681725	0.048968	0.044043	0.048968	0.929285	ENSG00000197044
19:16081913-16082046:+	0.785342927759869	1.0	0.8988880126849742	0.9418053504409107	1.0	1.0	0.894479885979767	0.9803668407538346	0.97713442903058	0.8949059593065742	0.9252072581771508	0.9493774230141512	0.024170164837000407	0.024170164837000407	0.047932	0.0	0.047932	1.854335	ENSG00000167460
19:17285681-17285819:+	1.0	1.0	1.0	0.8135888363058871	1.0	1.0	1.0	1.0	1.0	1.0	0.9627177672611774	1.0	0.037282232738822585	0.037282232738822585	0.025464	0.048488	0.048488	0.925454	ENSG00000160117
19:21109623-21109644:+	0.4243384866748333	0.5481076158083791	0.49635635649244936	0.4116091588107458	0.21093226844122134	0.3814084512121891	0.0	0.0	0.28803844882819446	0.20848980591062283	0.41826877724552575	0.17558734119020128	-0.24268143605532447	0.24268143605532447	0.021088	0.0	0.021088	0.905169	ENSG00000160352
19:21175453-21175474:+	0.28069403239142066	0.2476237278902822	0.0	0.0	0.0	0.342220612945028	0.0	0.3879203201708323	0.4043173337649821	0.5480063668154147	0.10566355205634057	0.3364929267392514	0.23082937468291084	0.23082937468291084	0.021088	0.0	0.021088	0.905169	ENSG00000196705
19:43960187-43960356:+	0.0	0.06445744323374492	0.20038562999511805	0.12738839919220554	0.0	0.0	0.0	0.14202288410433206	0.0	0.11969381237458025	0.0784462944842137	0.052343339295782464	-0.026102955188431233	0.026102955188431233	0.03016	0.0	0.03016	1.16347	ENSG00000159905
19:44027398-44027490:+	0.7594868905751572	0.7933963025973796	1.0	0.9112619956703364	0.7556048019432485	0.9121659919381214	0.8058154269039516	0.8170745977124915	0.851826575468508	1.0	0.8439499981572244	0.8773765184046145	0.033426520247390124	0.033426520247390124	0.027679	0.0	0.027679	1.085359	ENSG00000159885
19:55479834-55479917:+	0.871593303901411	0.6909296378191415	0.5438133303005194	0.859332108021315	0.8051907870416116	0.8618654910403316	0.6059804534889056	0.673051383698736	0.5581797295399329	0.8733116876681563	0.7541718334167997	0.7144777490872125	-0.03969408432958721	0.03969408432958721	0.048386	0.0	0.048386	0.932014	ENSG00000197483
19:2719152-2719182:-	0.001697200453165421	0.001459599128656155	0.0014741807256034103	0.0	0.0	0.0	0.0	0.0	0.0	0.0	0.0009261960614849972	0.0	-0.0009261960614849972	0.0009261960614849972	0.04888	0.015859	0.04888	0.930997	ENSG00000176490
19:14491656-14491743:-	0.4004500520974704	0.3586831126813192	0.3822761215822899	0.22264995228473022	0.25651614923532934	0.15243919077936582	0.21335736086985163	0.1668762353281291	0.1572882122088494	0.2508504395282005	0.3241150775762278	0.1881622877428793	-0.13595278983334852	0.13595278983334852	0.038311	0.015474	0.038311	1.332617	ENSG00000123159
19:37778433-37778546:-	0.0	0.0	0.046735807516613985	0.0	0.06614196848742956	0.0	0.0	0.0	0.0	0.0	0.02257555520080871	0.0	-0.02257555520080871	0.02257555520080871	0.0497779999999999	0.024746	0.0497779999999999	0.923073	ENSG00000189144
19:38808744-38808948:-	0.7673105486919234	0.9116764211420622	1.0	1.0	1.0	1.0	1.0	1.0	0.579913851200098	1.0	0.9357973939667972	0.9159827702400196	-0.019814623726777558	0.019814623726777558	0.042413	0.029177	0.042413	0.921594	ENSG00000171747
19:40234449-40234571:-	0.013610381319274494	0.013335350545906788	0.009544197801054189	0.0	0.0	0.042567452414748165	0.0029500005009704877	0.00477704540710565	0.0	0.005858504041475364	0.007297985933247095	0.011230600472859934	0.003932614539612839	0.003932614539612839	0.0465059999999999	0.0	0.0465059999999999	1.061641	ENSG00000105221
19:44392340-44392466:-	1.0	1.0	1.0	1.0	1.0	0.969570536382993	1.0	1.0	1.0	1.0	1.0	0.9939141072765987	-0.0060858927234013205	0.0060858927234013205	0.028776	0.012405	0.028776	1.075361	ENSG00000267508
19:50697096-50697122:-	0.9789355883070897	0.9869843122039809	0.9825901761514457	0.9910806258247562	0.9960937390046931	0.9813130848998789	1.0	1.0	1.0	0.9439872851653415	0.987136888298393	0.9850600740130441	-0.0020768142853488936	0.0020768142853488936	0.037732	0.0	0.037732	1.975662	ENSG00000161681
19:55050700-55051002:-	0.0	0.035930465043761094	0.014536831091241372	0.008619928708228818	0.01639747629944685	0.03721210857067619	0.062248577923494204	0.04184767123692856	0.05707795670858858	0.0	0.015096940228535628	0.039677262887937506	0.02458032265940188	0.02458032265940188	0.026542	0.0	0.026542	0.67591	ENSG00000160439
2:61162842-61162955:+	0.7146762194741518	0.7607737175840433	0.7073179946030047	0.7558992510893207	0.7096495216478251	0.9064904142185903	0.8355137285534383	1.0	0.8100256122434449	0.8350436956322129	0.7296633408796691	0.8774146901295372	0.1477513492498681	0.1477513492498681	0.0282629999999999	0.017334	0.0282629999999999	0.930401	ENSG00000237651
2:68757638-68757730:+	0.0	0.0	0.05113308325814107	0.0	0.0	0.0	0.016336122377759454	0.0	0.0	0.013656845216256252	0.010226616651628214	0.005998593518803141	-0.004228023132825073	0.004228023132825073	0.032607	0.0279589999999999	0.032607	0.90377	ENSG00000163219
2:74209942-74210049:+	1.0	1.0	1.0	1.0	1.0	1.0	0.9988223354108053	1.0	1.0	1.0	1.0	0.999764467082161	-0.00023553291783895425	0.00023553291783895425	0.028222	0.0	0.028222	0.934552	ENSG00000065911
2:74532619-74532714:+	0.9705768227933295	0.9334806300528673	0.9543611865419911	0.9558911801859025	0.9709420249523343	0.7492319698212131	0.943527834884342	0.9083230486401312	0.9771506152965708	0.9486511676214954	0.9570503689052849	0.9053769272527505	-0.0516734416525344	0.0516734416525344	0.023761	0.023108	0.023761	0.934546	ENSG00000115317
2:96825058-96825201:+	0.9467996192217275	1.0	0.975922239882281	0.9832909077849968	0.9828788588496705	0.6759675180311356	0.847084754291616	0.8553331264480274	0.9632490027269657	0.9643992708663205	0.9777783251477352	0.861206734472813	-0.11657159067492218	0.11657159067492218	0.016464	0.01457	0.016464	1.01545	ENSG00000168763
2:111153780-111153904:+	0.4148658930187485	0.13803975173226202	0.3822453412291207	0.21301056332275803	0.26604069227582045	0.16931945610511684	0.22015090930651807	0.19966052846956875	0.22854889572434484	0.3984514538423795	0.28284044831574195	0.24322624868958562	-0.03961419962615634	0.03961419962615634	0.044651	0.014284	0.044651	0.932016	ENSG00000153094
2:135622654-135622732:+	1.0	1.0	1.0	0.9793697311326105	1.0	1.0	1.0	1.0	1.0	1.0	0.9958739462265221	1.0	0.004126053773477856	0.004126053773477856	0.030358	0.012601	0.030358	1.031563	ENSG00000048991
2:200383867-200384017:+	0.057219354979615354	0.0423880453991094	0.07425649746459166	0.05413158494774544	0.003330743359127138	0.07138394370514509	0.030586198936084937	0.029958981872150556	0.04018728389539756	0.06939813539702687	0.0462652452300378	0.048302908761161	0.002037663531123203	0.002037663531123203	0.017966	0.0	0.017966	1.055261	ENSG00000196141
2:218234352-218234397:+	0.9773627794283869	0.9894166944048972	0.9877435820263668	0.9977791233787248	1.0	0.9842516723648925	0.9911871145187975	0.9964111380704876	0.9887639112290393	0.9909472186402188	0.9904604358476752	0.9903122109646872	-0.00014822488298793512	0.00014822488298793512	0.012483	0.011032	0.012483	0.904572	ENSG00000163466
2:233947326-233947582:+	0.0	0.0	0.0	0.0	0.0	0.0	0.0	0.0	0.0	0.0	0.0	0.0	0.0	0.0	0.038696	0.0	0.038696	0.939931	ENSG00000144481
2:237751200-237751271:+	0.4674421762133279	0.5697583508531878	0.45079318752526937	0.4386163542902035	0.5419067400487663	0.22999354369595504	0.12200980802217777	0.12056988235396802	0.07255951100404205	0.11340434049138469	0.49370336178615093	0.1317074171135055	-0.3619959446726454	0.3619959446726454	0.028405	0.0	0.028405	0.931097	ENSG00000124831
2:237987963-237987992:+	0.9965802589537478	0.9958216468511428	0.9890651169657755	0.9973815443234121	0.9838295827063626	0.9707461820063195	0.9755616828389087	0.9510875207865648	0.9980517406254853	0.9789925372557449	0.9925356299600882	0.9748879327026045	-0.017647697257483608	0.017647697257483608	0.011541	0.032858	0.032858	0.943892	ENSG00000184182
2:241087392-241087475:+	1.0	0.8905542562966777	1.0	1.0	0.7949712228262171	0.2248267565648279	0.9108736816159632	0.7327004612014556	0.48370282115654645	1.0	0.937105095824579	0.6704207441077586	-0.26668435171682037	0.26668435171682037	0.046596	0.014284	0.046596	1.115567	ENSG00000162804
2:109545460-109545542:-	0.0	0.12079758913401065	0.016428535832305746	0.08062246845683536	0.046077741769210055	0.03238040936127483	0.015163521531630893	0.061555179054498976	0.05700447867256653	0.05445035814104913	0.05278526703847236	0.04411078935220407	-0.008674477686268292	0.008674477686268292	0.037167	0.0	0.037167	0.755854	ENSG00000186522
2:31132630-31132712:-	0.07066937626817686	0.018486361418471126	0.01472762754249729	0.014725050498218721	0.0	0.0	0.0	0.0	1.0	0.0	0.0237216831454728	0.2	0.17627831685452722	0.17627831685452722	0.0308519999999999	0.028018	0.0308519999999999	0.927927	ENSG00000158089
2:121444939-121444962:-	0.10519908216080817	0.11357899850045854	0.06127320103032979	0.060234728631220945	0.0	0.002440184029360833	0.003818087854717495	0.0	0.0	0.0	0.06805720206456348	0.0012516543768156655	-0.06680554768774781	0.06680554768774781	0.036916	0.01107	0.036916	1.395261	ENSG00000074054
2:127852925-127853105:-	0.7371165500984153	0.8735422388753851	0.5317093514025986	0.5479979777321776	0.5208381220417976	0.8997752129999457	0.9608122129917706	0.9643770949334078	0.8841539497750882	0.9026693991087696	0.6422408480300748	0.9223575739617964	0.28011672593172166	0.28011672593172166	0.045566	0.0	0.045566	0.92132	ENSG00000144231
2:163734903-163735072:-	0.9313500244702292	0.6884098315914527	1.0	1.0	1.0	1.0	1.0	1.0	1.0	0.9631395357632269	0.9239519712123364	0.9926279071526454	0.06867593594030896	0.06867593594030896	0.030444	0.011385	0.030444	0.645017	ENSG00000182263
2:164800534-164800554:-	0.03537033547046875	0.03185639539360719	0.058400695779307926	0.031223928358015577	0.0	0.06611707010502152	0.048468284440169235	0.1010046772433605	0.170501878861219	0.16441085927442714	0.031370271000279885	0.11010055398483946	0.07873028298455959	0.07873028298455959	0.010335	0.021823	0.021823	1.098237	ENSG00000082438
2:174808905-174809042:-	0.8755359724002962	0.8161789055165656	0.8707715825378917	0.817779824850404	0.8104459761034299	0.830325407680283	0.8749367506643986	0.7999584138702572	0.8410168051433472	0.8041432351011751	0.8381424522817174	0.8300761224918922	-0.008066329789825133	0.008066329789825133	0.023783	0.048285	0.048285	0.941684	ENSG00000128656
2:196773913-196774140:-	0.3361700351947539	0.5775243698455038	0.38752262996265024	0.3943074320925272	0.44835368017937444	0.5151986462246722	0.36576151957476627	0.4751582206043749	0.42801441485373404	0.5179412844476013	0.42877562945496195	0.4604148171410298	0.03163918768606783	0.03163918768606783	0.039134	0.0	0.039134	0.6888050000000001	ENSG00000119041
2:202869536-202869605:-	0.1421680665127035	0.08969251930148085	0.10342213430089149	0.06993986682199645	0.054253489148002244	0.05646105918803086	0.08112062531914058	0.05558410027250797	0.09276756877607807	0.08212826662311844	0.09189521521701491	0.0736123240357752	-0.018282891181239713	0.018282891181239713	0.049229	0.01443	0.049229	1.158698	ENSG00000163596
2:202860147-202860244:-	0.044652135035213314	0.21712767377664077	0.10499515046848655	0.0	0.33023741620894215	0.0	0.0	0.0	0.0	0.1373022140122007	0.13940247509785655	0.027460442802440137	-0.11194203229541641	0.11194203229541641	0.039483	0.023488	0.039483	0.92735	ENSG00000163596
2:211657950-211657994:-	0.021495061567182918	0.0335159186713516	0.016984196595676786	0.0	0.0	0.30112438992579577	0.0	0.5936268019458784	0.0	0.0782753402873888	0.01439903536684226	0.1946053064318126	0.18020627106497034	0.18020627106497034	0.014158	0.010171	0.014158	2.014681	ENSG00000178568
2:229262683-229262893:-	0.02306579721947973	0.02511772855027029	0.022575266719541267	0.011849768038208152	0.036040275866069435	0.11338137951643633	0.1625141826162974	0.054957748669460994	0.016244024377095847	0.04152247695895631	0.023729767278713777	0.07772396242764938	0.05399419514893561	0.05399419514893561	0.016461	0.0	0.016461	0.927474	ENSG00000153823
20:417220-417342:+	0.017825973519008317	0.007810540179183356	0.01289963928302243	0.00483380923317013	0.0027894791206871192	0.029095183695833842	0.01867236997049074	0.006668526880825039	0.004729954819524288	0.04658217971839946	0.009231888267014269	0.021149643017014674	0.011917754750000405	0.011917754750000405	0.0277159999999999	0.013975	0.0277159999999999	1.331601	ENSG00000125826
20:9373047-9373104:+	0.974987165155843	1.0	0.9546612200015037	0.9221684393017342	1.0	1.0	1.0	1.0	1.0	0.6666259681849594	0.9703633648918162	0.933325193636992	-0.037038171254824226	0.037038171254824226	0.016464	0.022173	0.022173	1.064389	ENSG00000101333
20:21215583-21215648:+	0.9384064411277891	0.9267415721422133	0.9503422497710504	0.9253594983584847	0.841692766476936	0.9296514645639413	0.9559358403969277	0.9118278979031879	0.9517321977760816	0.880285871432338	0.9165085055752948	0.9258866544144955	0.009378148839200628	0.009378148839200628	0.030405	0.0	0.030405	0.904371	ENSG00000088970
20:31780939-31781046:+	0.03675179886200647	0.0	0.0	0.0	0.18881003016402967	0.00820294913722689	0.008791075238381242	0.009017724551169629	0.008955866237393702	0.037452233510404755	0.04511236580520723	0.014483969734915243	-0.030628396070291986	0.030628396070291986	0.031983	0.023348	0.031983	0.942511	ENSG00000088325
20:43459153-43459420:+	0.16775175907746057	0.22382228401460325	0.2158780055725751	0.16221267111528298	0.2231809903937643	0.34584126995114534	0.28968840363770354	0.42250312763250014	0.4383095659618529	0.6282619325722466	0.19856914203473722	0.42492085995108975	0.22635171791635253	0.22635171791635253	0.035272	0.032288	0.035272	0.93009	ENSG00000124193
20:47659399-47659452:-	0.782320556230453	0.7342642400453591	0.7664497661110262	0.5342900512531066	0.5036137240472438	0.6835284415297139	0.6718580930572252	0.7261287321207068	0.7356560903157731	0.6716018596890138	0.6641876675374376	0.6977546433424865	0.03356697580504886	0.03356697580504886	0.027277	0.0	0.027277	0.907166	ENSG00000196562
21:5026280-5026630:+	0.9602461453527773	1.0	1.0	1.0	0.7582488921565697	0.7632861553842696	0.6969407644768982	0.7490746315925667	1.0	0.8107766268244486	0.9436990075018695	0.8040156356556366	-0.13968337184623292	0.13968337184623292	0.013986	0.03194	0.03194	1.017647	ENSG00000277117
21:37158131-37158203:+	0.000753168492150102	0.0	0.0015652515163298466	0.0	0.0	0.0	0.0071115928666474195	0.006282392793423142	0.006240320237914811	0.010029311568021568	0.00046368400169598977	0.005932723493201388	0.005469039491505398	0.005469039491505398	0.042581	0.0	0.042581	0.941084	ENSG00000182670
21:39347916-39347952:-	0.031554080470177555	0.03902263927779751	0.048182164908225786	0.007009848235927343	0.08473522758578998	0.07115841609926707	0.015309093476175964	0.05799262679375992	0.05246049072446179	0.044714566876906336	0.042100792095583636	0.04832703879411422	0.006226246698530585	0.006226246698530585	0.024423	0.0	0.024423	1.020001	ENSG00000205581
21:44236867-44237217:-	1.0	0.5758963534018601	1.0	0.8652549931298164	1.0	1.0	1.0	1.0	0.5819205090763924	1.0	0.8882302693063352	0.9163841018152784	0.02815383250894321	0.02815383250894321	0.013986	0.03194	0.03194	1.017647	ENSG00000160223
22:42601970-42602056:-	0.7661002803167286	0.7472701412414609	0.7415566499500227	0.7955296221138822	0.7776721419597153	0.8336800326681375	0.8510978864665142	0.8004946873531306	0.7799676492026173	0.8774591671438855	0.765625767116362	0.828539884566857	0.06291411745049502	0.06291411745049502	0.0142	0.0	0.0142	0.7394109999999999	ENSG00000100227
22:30292773-30292851:-	0.8888305270109528	1.0	1.0	0.5657713318531268	0.573651309365022	0.0	0.8091255044313302	0.8196833106558754	0.8340388756454667	1.0	0.8056506336458202	0.6925695381465344	-0.1130810954992858	0.1130810954992858	0.023927	0.036305	0.036305	1.020999	ENSG00000248751
22:35750426-35750457:-	0.2993117664753825	0.15269918425594203	0.2618883282860297	0.1947390206808133	0.21857382252871632	0.0	0.02317036071420586	0.0	0.0	0.0	0.22544242444537677	0.0046340721428411715	-0.2208083523025356	0.2208083523025356	0.028187	0.013322	0.028187	1.094333	ENSG00000100320
22:50284845-50284913:-	0.0	0.0	0.0	0.06250990761816821	0.0	0.046744456079596784	0.008098947041372147	0.0	0.00938087918924718	0.0	0.012501981523633642	0.012844856462043221	0.00034287493840957917	0.00034287493840957917	0.024562	0.0	0.024562	1.00733	ENSG00000196576
3:179614971-179615059:+	0.7660587426888896	0.7434977736295025	0.8607797381694461	0.8570339407471066	0.8269231583971527	0.9375537721315461	0.994501199397259	0.9649526146768406	0.976845982151143	0.9240938338298903	0.8108586707264196	0.9595894804373358	0.14873080971091623	0.14873080971091623	0.046805	0.037177	0.046805	0.923326	ENSG00000136521
3:179614952-179615059:+	0.6478017466931594	0.5862199754332912	0.8019679353098819	0.7911698175186958	0.7965302699281209	0.951057124363618	0.9960642769419871	0.9635699632133923	0.9745857166362301	0.9277997875324498	0.7247379489766298	0.9626153737375354	0.23787742476090556	0.23787742476090556	0.029286	0.037177	0.037177	0.923326	ENSG00000136521
3:9363835-9364038:+	0.0	0.0	0.0	0.0	0.07271038765299645	0.0	0.03100177958158731	0.018426098188064947	0.0	0.02400368947245272	0.01454207753059929	0.014686313448420996	0.0001442359178217053	0.0001442359178217053	0.038187	0.0364069999999999	0.038187	1.14433	ENSG00000134077
3:48927462-48927813:+	0.9438120540331845	0.9794817646321822	0.9292921339706975	0.9824765885683465	0.9779108363264536	0.8853754135543123	0.969429329710046	0.9348519380230871	0.9183843665985355	0.9738135681357563	0.962594675506173	0.9363709232043474	-0.026223752301825498	0.026223752301825498	0.041458	0.013703	0.041458	0.927095	ENSG00000177479
3:52471291-52471488:+	0.0	0.0006123606988078792	0.0005424096477743753	0.0006332985257558722	0.0	0.005003325296320301	0.0	0.0	0.0	0.0018400617866801024	0.00035761377446762535	0.0013686774166000808	0.0010110636421324555	0.0010110636421324555	0.027795	0.0	0.027795	0.914488	ENSG00000010322
3:53165104-53165215:+	0.44884252881586945	0.3799030207786877	0.35826233001985175	0.347614233455918	0.7798291539659472	1.0	0.3210942139635986	0.26570817295880766	0.0	0.3000124706020664	0.4628902534072548	0.3773629715048945	-0.08552728190236031	0.08552728190236031	0.040568	0.0	0.040568	1.043866	ENSG00000163932
3:111932269-111932397:+	0.5492782474884668	0.7708407488801624	0.7176880362021035	0.7068071860995002	0.48134183442294	0.32473352179360454	0.6005315412114836	0.7498978771802888	0.703210870733377	0.7402033654740597	0.6451912106186346	0.6237154352785627	-0.021475775340071945	0.021475775340071945	0.035272	0.0	0.035272	1.095266	ENSG00000144824
3:180975313-180975404:+	0.21806043339771275	0.28296272189571736	0.2363745956565685	0.24192531245921797	0.21460959267815374	0.2512270160901883	0.2770277757151009	0.20171806448992435	0.23645189813427023	0.16800636424848453	0.2387865312174741	0.22688622373559367	-0.011900307481880423	0.011900307481880423	0.036079	0.013829	0.036079	0.925945	ENSG00000114416
3:186784962-186785101:+	0.9283439455550135	0.9246779458946819	0.929896374857823	0.9161284329478417	0.7413774163410033	0.7700339302148109	0.780508827678722	0.7062146717018946	0.633406441340566	0.7111603787291021	0.8880848231192726	0.7202648499330191	-0.16781997318625352	0.16781997318625352	0.036642	0.022919	0.036642	0.930219	ENSG00000156976
3:179971594-179971665:-	0.9276683094997502	0.9325833509789303	0.9253827163480103	0.9663385486597927	0.9970731164684303	1.0	1.0	0.9666947756357702	1.0	1.0	0.9498092083909828	0.9933389551271541	0.04352974673617127	0.04352974673617127	0.030627	0.030666	0.030666	1.117364	ENSG00000114757
3:42563765-42563880:-	0.0	0.0	0.019622754953669542	0.0	0.0	0.0	0.0	0.0	0.0	0.0	0.003924550990733909	0.0	-0.003924550990733909	0.003924550990733909	0.03592	0.01733	0.03592	0.904384	ENSG00000093183
3:42563765-42563980:-	0.014620883500667597	0.005443662347330983	0.0	0.007185688849308177	0.015672428400267648	0.07044029633951943	0.07946695218541515	0.08002897803024868	0.07946926901128873	0.02586904858018409	0.008584532619514881	0.06705490882933121	0.05847037620981633	0.05847037620981633	0.025853	0.01733	0.025853	0.904384	ENSG00000093183
3:10385268-10385327:-	0.8605969095005457	0.9036341974677284	0.8542782402846149	0.9407211440632618	0.9407181680275364	0.905672066221727	1.0	0.9388136823880946	0.8469299605430171	0.9329924243038547	0.8999897318687374	0.9248816266913387	0.024891894822601235	0.024891894822601235	0.049892	0.0	0.049892	0.931276	ENSG00000157087
3:33174886-33175074:-	0.9697958240906318	0.9747888890900851	0.985997187224726	0.9881807132332229	1.0	0.9686432201892069	0.7559799897216385	1.0	1.0	1.0	0.9837525227277333	0.9449246419821691	-0.0388278807455642	0.0388278807455642	0.043846	0.026691	0.043846	0.90361	ENSG00000173705
3:43551472-43551588:-	0.06603680501325973	0.06090196990848456	0.03361166316637187	0.07222741345616632	0.008805471458327236	0.04746646963675314	0.0777548035849624	0.04143873136617201	0.047980350605942	0.061988602456425575	0.04831666460052195	0.05532579153005103	0.007009126929529083	0.007009126929529083	0.031748	0.026235	0.031748	0.940959	ENSG00000160746
3:65387143-65387226:-	0.9890121538628054	0.9633486158121264	0.9612081885933248	0.9736214306467798	0.8968766118921923	0.8112622431884126	0.6629004483189678	0.7061100773830715	0.602497223411845	0.7010443245881356	0.9568134001614457	0.6967628633780866	-0.2600505367833591	0.2600505367833591	0.020645	0.0	0.020645	0.905588	ENSG00000151276
3:119876413-119876508:-	1.0	1.0	1.0	1.0	1.0	1.0	1.0	1.0	1.0	0.9833637245126834	1.0	0.9966727449025367	-0.003327255097463344	0.003327255097463344	0.014994	0.0	0.014994	1.812373	ENSG00000082701
3:157489055-157489160:-	0.0	0.0	0.0	0.0	0.70187907452384	0.0	0.3079599700009646	0.0	0.0	0.05436400973002657	0.140375814904768	0.07246479594619823	-0.06791101895856977	0.06791101895856977	0.043102	0.016012	0.043102	0.946338	ENSG00000197415
3:177064920-177065022:-	0.7203980417155924	0.9217132261718334	0.625845508728296	0.7675370460466242	0.5256955397771652	0.6929050383577336	0.7673098142111887	0.7877086170618733	0.8170107193357264	0.8414654271705382	0.7122378724879022	0.781279923227412	0.06904205073950986	0.06904205073950986	0.012199	0.0	0.012199	0.941312	ENSG00000177565
4:186149566-186149704:+	1.0	0.9626713152922356	0.9917865458846202	1.0	1.0	0.8684607775078574	0.8168265270946979	0.8670705609970593	0.8411629621001018	0.8396382944080188	0.9908915722353712	0.846631824421547	-0.1442597478138241	0.1442597478138241	0.0283199999999999	0.0209999999999999	0.0283199999999999	1.274492	ENSG00000109794
4:501101-501170:+	0.05322555503298367	0.03907514491610768	0.07370011573303563	0.033018812439374316	0.03328162213950168	0.07842471377615295	0.04223747180354394	0.020892039262766664	0.015469287384762064	0.010310513946317951	0.0464602500522006	0.03346680523470871	-0.012993444817491887	0.012993444817491887	0.034149	0.011389	0.034149	0.927282	ENSG00000174227
4:56301226-56301247:+	0.0	0.0	0.06845804551162923	0.023583933098963703	0.0	0.0	0.0	0.0	0.0	0.0	0.018408395722118588	0.0	-0.018408395722118588	0.018408395722118588	0.015685	0.028714	0.028714	1.139403	ENSG00000109265
4:75760594-75760605:+	0.005086954582157912	0.04359608605407335	0.0	0.042556686535059826	0.2898265583211472	0.0	0.025741766281494098	0.05608574116896788	0.0	0.06465361923649104	0.07621325709848766	0.029296225337390604	-0.04691703176109705	0.04691703176109705	0.04523	0.048428	0.048428	1.053926	ENSG00000138768
4:113372533-113372625:+	0.2096054991301226	0.20207041083099753	0.21674626601270788	0.3347045848372429	0.32590405231282527	0.2650046471489265	0.38070420944465855	0.20376412074563802	0.23344522247306554	0.17317947366590936	0.25780616262477923	0.2512195346956396	-0.00658662792913961	0.00658662792913961	0.011565	0.0	0.011565	1.087384	ENSG00000145362
4:122316348-122316548:+	0.08881885557096415	0.0800401773252843	0.01127498374220778	0.025310261265212148	0.12527375229149018	0.25374083096279715	0.22893397149157393	0.282896506971812	0.0	0.14722918722484768	0.06614360603903172	0.18256009933020617	0.11641649329117446	0.11641649329117446	0.038673	0.042023	0.042023	0.90785	ENSG00000138688
4:122325855-122325917:+	0.8070901047716014	0.8139883157490131	0.7532668113638168	0.915380864587785	0.941404095793591	0.8965646964834378	0.9113861338394996	0.9370092607311956	0.8576477177565824	0.9298841616038575	0.8462260384531616	0.9064983940829145	0.06027235562975297	0.06027235562975297	0.013565	0.014277	0.014277	0.906947	ENSG00000138688
4:145483074-145483176:+	0.0	0.0	0.0	0.0	0.0	0.0	0.0	0.0	0.0	0.0	0.0	0.0	0.0	0.0	0.029555	0.038637	0.038637	0.908115	ENSG00000170365
4:147532506-147532704:+	1.0	1.0	1.0	1.0	1.0	1.0	1.0	1.0	1.0	0.9948525762506981	1.0	0.9989705152501397	-0.00102948474986031	0.00102948474986031	0.018038	0.022569	0.022569	0.904629	ENSG00000151617
4:150253474-150253556:+	0.06272313085954193	0.08282330227799187	0.05645762613266314	0.05695480114681301	0.16393700179067489	0.23929683898902052	0.2861370782038452	0.23289945988848576	0.18486383993277772	0.23265468324930247	0.08457917244153697	0.2351703800526863	0.15059120761114936	0.15059120761114936	0.043042	0.042539	0.043042	0.908896	ENSG00000170390
4:44635922-44636085:-	1.0	1.0	1.0	1.0	1.0	1.0	1.0	1.0	1.0	1.0	1.0	1.0	0.0	0.0	0.021196	0.023554	0.023554	1.074406	ENSG00000177752
4:15979395-15979463:-	1.0	1.0	1.0	1.0	1.0	0.9566642132132376	1.0	0.9940454668842806	0.9550299904328309	0.9395182038475411	1.0	0.9690515748755782	-0.030948425124421752	0.030948425124421752	0.014064	0.012396	0.014064	1.073265	ENSG00000007062
4:40935077-40935139:-	0.48178068639029964	0.3823785659427013	0.6282035415487137	0.531883607065995	0.35336524130671504	0.1848430773649471	0.44883490117411284	0.21307635990192186	0.300599129782902	0.30438689340266245	0.47552232845088493	0.29034807232530924	-0.1851742561255757	0.1851742561255757	0.037522	0.0298449999999999	0.037522	0.908919	ENSG00000163697
4:56345127-56345290:-	0.9759045687378988	1.0	0.9062130026951282	0.9803001462685286	0.9260876215184481	1.0	0.9646536875725022	0.9677781446508433	0.898817960237088	0.8750007515870867	0.9577010678440008	0.9412501088095041	-0.01645095903449667	0.01645095903449667	0.046253	0.040328	0.046253	0.744003	ENSG00000157426
4:56403980-56404118:-	0.0	0.0	0.0	0.0	0.0	0.0	0.0	0.0	0.0	0.0	0.0	0.0	0.0	0.0	0.041382	0.0280149999999999	0.041382	1.310681	ENSG00000128059
4:73168929-73169090:-	0.0	0.0	0.008783932200305473	0.0	0.0	0.0	0.0	0.0	0.0	0.0	0.0017567864400610945	0.0	-0.0017567864400610945	0.0017567864400610945	0.026657	0.016459	0.026657	0.907612	ENSG00000132466
4:76145983-76146129:-	0.01002616510636201	0.007818773369447146	0.008032058635414977	0.008998282452926026	0.024770846870102697	0.012964827987611711	0.01560549948947296	0.008917746810174008	0.003956203347146958	0.0	0.011929225286850571	0.008288855526881127	-0.003640369759969444	0.003640369759969444	0.042336	0.039547	0.042336	0.941313	ENSG00000138750
4:78922829-78922983:-	0.05636899821528666	0.04750434557788805	0.03863827411807364	0.0	0.012390971343037203	0.010139431053727086	0.0035891612409524997	0.05326234551120823	0.025530807237748625	0.0	0.030980517850857113	0.01850434900872729	-0.012476168842129823	0.012476168842129823	0.031914	0.0353399999999999	0.0353399999999999	0.92792	ENSG00000163291
4:82821037-82821108:-	1.0	0.9712289785552843	1.0	0.9623784259459703	1.0	0.9323429680800158	0.9676747399112177	0.9753894384596331	0.9861437310859668	0.9857957714177418	0.9867214809002508	0.969469329790915	-0.017252151109335756	0.017252151109335756	0.030704	0.024569	0.030704	0.926699	ENSG00000138674
4:105447995-105448093:-	0.0	0.0	0.0	0.0	0.0	0.0	0.0	0.0	0.0	0.002197244452416211	0.0	0.0004394488904832422	0.0004394488904832422	0.0004394488904832422	0.043355	0.012403	0.043355	1.839208	ENSG00000138777
4:106251079-106251194:-	0.06518092782190947	0.08072316408132824	0.07044819576317451	0.057790593311802425	0.04324097383250447	0.12803841524698173	0.06496520826493203	0.05173190826361468	0.04646388003019783	0.06263574202589568	0.06347677096214382	0.07076703076632439	0.007290259804180563	0.007290259804180563	0.022854	0.022524	0.022854	0.60067	ENSG00000145348
4:174256027-174256145:-	0.14778407340845784	0.12303333856471944	0.1974930079490691	0.09555090797539283	0.0	0.0	0.0	0.0	0.0	0.03616794436915259	0.11277226557952784	0.007233588873830518	-0.10553867670569732	0.10553867670569732	0.026288	0.02228	0.026288	1.098559	ENSG00000164117
4:186590505-186590695:-	0.0	0.0049376388895402724	0.007174444287295732	0.0	0.0036325008289113366	0.0	0.008755241751531853	0.0	0.0	0.006549539400962773	0.003148916801149468	0.0030609562304989247	-8.796057065054309e-05	8.796057065054309e-05	0.026046	0.014276	0.026046	0.925769	ENSG00000083857
5:169590756-169590829:+	0.01922189009487042	0.0	0.0	0.025130076025173025	0.0	0.060404033588876416	0.03117843954171556	0.03582696562001603	0.054660167576834284	0.011264825804467618	0.008870393224008687	0.03866688642638198	0.029796493202373295	0.029796493202373295	0.043784	0.0	0.043784	0.923327	ENSG00000040275
5:140693491-140693665:+	1.0	1.0	1.0	1.0	1.0	1.0	1.0	0.9349522309075118	1.0	1.0	1.0	0.9869904461815023	-0.013009553818497666	0.013009553818497666	0.025165	0.0	0.025165	0.907868	ENSG00000112855
5:140693591-140693665:+	1.0	1.0	1.0	1.0	1.0	1.0	1.0	0.9960290201077368	1.0	1.0	1.0	0.9992058040215474	-0.0007941959784526498	0.0007941959784526498	0.0299559999999999	0.0	0.0299559999999999	0.907868	ENSG00000112855
5:43612908-43613137:+	1.0	1.0	0.987910326960726	1.0	1.0	0.9738211362244786	0.9732113311253027	0.9835954225617511	1.0	0.9730304115031163	0.9975820653921452	0.9807316602829298	-0.016850405109215427	0.016850405109215427	0.040732	0.0	0.040732	1.011203	ENSG00000112992
5:53073118-53073259:+	1.0	1.0	1.0	1.0	0.9937881484940009	1.0	1.0	1.0	1.0	1.0	0.9987576296988001	1.0	0.001242370301199891	0.001242370301199891	0.040396	0.024107	0.040396	0.902492	ENSG00000164171
5:64507711-64507877:+	0.990783538294131	0.9902393127256605	0.997398766265463	0.9954382584199601	1.0	1.0	1.0	1.0	1.0	0.9484727269935376	0.9947719751410429	0.9896945453987076	-0.005077429742335271	0.005077429742335271	0.0436369999999999	0.026274	0.0436369999999999	1.191333	ENSG00000186479
5:77118320-77118521:+	1.0	0.0	0.5993230821381197	0.6585920835031038	0.6557315110009184	1.0	0.0	0.70968403637896	0.0	0.5329637863106194	0.5827293353284284	0.44852956453791587	-0.13419977079051254	0.13419977079051254	0.028879	0.028839	0.028879	0.903495	ENSG00000250802
5:83544965-83545070:+	0.13783908916639853	0.4027412179084614	0.21300830096863213	0.0	0.5342293470720298	0.47032136197112084	0.15365969698016765	0.3877610971573834	0.37822187948894403	0.41407791818814055	0.25756359102310433	0.36080839075715126	0.10324479973404693	0.10324479973404693	0.0	0.039914	0.039914	0.929569	ENSG00000038427
5:96747345-96747392:+	0.5452179701313132	0.8162714830831849	0.0	0.0	0.09842302920424584	1.0	0.8103885963073886	0.6153105127418242	0.0	0.10163811273422664	0.2919824964837488	0.5054674443566879	0.2134849478729391	0.2134849478729391	0.041815	0.040223	0.041815	0.90811	ENSG00000153113
5:115902885-115902992:+	0.7790969291040523	0.830194998555952	0.7656572153056074	0.7068409520335021	0.7884182154055872	0.9492480169029568	0.9726694356195248	0.9635248435656378	0.9566329350888744	0.8800717142588946	0.7740416620809402	0.9444293890871777	0.1703877270062375	0.1703877270062375	0.040895	0.013322	0.040895	0.942216	ENSG00000177879
5:123595039-123595134:+	0.3830173505075363	0.4501011264334391	0.47965935766975143	0.54523273004053	0.5711286530594699	0.32969588590882254	0.3566323074715195	0.28533289043490784	0.19404642742912084	0.22590255225563072	0.48582784354214537	0.27832201270000023	-0.20750583084214513	0.20750583084214513	0.014991	0.045346	0.045346	0.923135	ENSG00000151292
5:140641018-140641220:+	0.027277005972012026	0.0639388557447928	0.03698852346088484	0.0	0.015120718486767565	0.035578983578125604	0.0	0.0	0.0	0.014053093875176191	0.02866502073289145	0.009926415490660359	-0.018738605242231088	0.018738605242231088	0.044921	0.0	0.044921	0.941314	ENSG00000113119
5:179621242-179621397:-	1.0	1.0	1.0	1.0	1.0	0.9985617287966789	0.9983552305035002	1.0	1.0	0.9991577440854054	1.0	0.9992149406771169	-0.000785059322883086	0.000785059322883086	0.026034	0.02979	0.02979	0.904356	ENSG00000169045
5:132226932-132227221:-	0.09111728556088743	0.053754915262032334	0.0	0.06321761171808443	0.0	0.0	0.08436815781385343	0.12835326669777417	0.020813171086070368	0.0	0.04161796250820084	0.04670691911953959	0.005088956611338756	0.005088956611338756	0.029715	0.0	0.029715	1.041563	ENSG00000072682
5:32233773-32233934:-	0.9852387328430083	0.9625599203969464	0.969970441793564	0.9657536986311999	0.8990933175465256	0.9642521566425942	0.9618247955777234	0.9714375768337485	0.9257165643779188	0.9921156444296003	0.9565232222422487	0.963069347572317	0.006546125330068264	0.006546125330068264	0.035992	0.0363	0.0363	0.934536	ENSG00000150712
5:111505015-111505043:-	0.0	0.0	0.0	0.0	0.0	0.0	0.0	0.0	0.0	0.0	0.0	0.0	0.0	0.0	0.029206	0.030046	0.030046	0.941314	ENSG00000164211
5:160294728-160294963:-	0.0	0.0	0.02897536832652891	0.7394292750964402	0.16132884979015366	0.02283753165750584	0.085195839584509	0.016008683528196687	0.07338811329819715	0.0	0.18594669864262453	0.039486033613681734	-0.14646066502894278	0.14646066502894278	0.026157	0.023868	0.026157	0.827299	ENSG00000135083
6:37361338-37361558:+	0.0	0.0	0.0	0.0	0.012839579015486807	0.0	0.0	0.0	0.0	0.0	0.0025679158030973612	0.0	-0.0025679158030973612	0.0025679158030973612	0.029362	0.029791	0.029791	0.6080099999999999	ENSG00000112130
6:117525362-117525434:+	0.993237052710447	0.9852759192486604	0.9788758607370308	0.9821524721018645	1.0	0.9952238254867202	0.982874581051742	0.9805512302933188	0.9877756134907809	0.9860991381303446	0.9879082609596004	0.9865048776905813	-0.0014033832690191206	0.0014033832690191206	0.027179	0.01103	0.027179	0.927662	ENSG00000164465
6:157133028-157133207:+	0.8584019077347115	0.9030068398694935	0.8718434903201687	0.8756488619340004	0.9020169525821439	1.0	0.8625036588680508	0.9245946481463604	0.835396755400044	0.908304249309686	0.8821836104881035	0.9061598623448284	0.023976251856724917	0.023976251856724917	0.032124	0.012353	0.032124	0.941074	ENSG00000049618
6:168655396-168655490:+	0.0	0.0	0.0	0.0	0.0	0.0	0.0	0.0	0.0	0.0	0.0	0.0	0.0	0.0	0.025334	0.040433	0.040433	1.807015	ENSG00000112562
6:69755558-69755585:-	0.0	0.0	0.0	0.0	0.043600277982681575	0.0	0.0	0.13333889777093638	0.03012738076178255	0.0	0.008720055596536314	0.032693255706543786	0.023973200110007472	0.023973200110007472	0.016462	0.016012	0.016462	0.905168	ENSG00000168216
6:83623301-83623342:-	0.9966092078905471	0.9963839570100127	0.9965287904878888	0.9988893838639915	1.0	0.993878291442617	1.0	1.0	1.0	0.993147193685812	0.997682267850488	0.9974050970256858	-0.00027717082480216426	0.00027717082480216426	0.0276809999999999	0.0	0.0276809999999999	0.940629	ENSG00000065609
6:99566898-99567038:-	0.0	0.0	0.0025859800581740145	0.0	0.0	0.0	0.0	0.0	0.0	0.0	0.0005171960116348029	0.0	-0.0005171960116348029	0.0005171960116348029	0.049358	0.027809	0.049358	0.916196	ENSG00000112237
6:106308364-106308491:-	0.5944905187297929	0.6068603902054237	0.617092747203976	0.4904848110048874	0.5749278214605036	0.7555466969470014	0.7724613972151939	0.6628150992935475	0.6810024621120402	0.6975047243843103	0.5767712577209168	0.7138660759904186	0.13709481826950187	0.13709481826950187	0.01332	0.01107	0.01332	0.931093	ENSG00000057663
6:109454680-109454890:-	0.9766356650821614	0.9531814909022764	0.8727839829416137	1.0	1.0	0.85134252510013	0.8821542170021033	0.9587512518871731	1.0	0.8373085640008666	0.9605202277852103	0.9059113115980546	-0.05460891618715569	0.05460891618715569	0.010509	0.043853	0.043853	0.907763	ENSG00000135596
6:128003197-128003232:-	0.00792979124324044	0.009226270829370463	0.04407550980733164	0.008884083603275148	0.0	0.0	0.0	0.023565181415821052	0.0	0.014648602755948068	0.014023131096643538	0.007642756834353824	-0.006380374262289714	0.006380374262289714	0.035442	0.025345	0.035442	1.815431	ENSG00000152894
7:12596270-12596426:+	0.0	0.0	0.0329081636618269	0.0	0.0	0.0	0.0	0.015262781085346039	0.0	0.0	0.006581632732365381	0.0030525562170692078	-0.003529076515296173	0.003529076515296173	0.0492229999999999	0.039686	0.0492229999999999	0.6765639999999999	ENSG00000006747
7:48054595-48054606:+	0.0	1.0	0.7537874607853956	0.0	1.0	0.8188195374232123	0.7188954401704403	0.6734992683530879	0.7960793450830177	0.7579325301656299	0.5507574921570791	0.7530452242390776	0.20228773208199846	0.20228773208199846	0.033729	0.028252	0.033729	0.903769	ENSG00000164746
7:80639844-80639929:+	0.0	0.0	0.0	0.0	0.0	0.0	0.0	0.0	0.0	0.0	0.0	0.0	0.0	0.0	0.013868	0.0	0.013868	0.904291	ENSG00000135218
7:87897294-87897339:+	1.0	1.0	1.0	1.0	1.0	1.0	1.0	1.0	1.0	1.0	1.0	1.0	0.0	0.0	0.045946	0.012355	0.045946	0.929495	ENSG00000006634
7:91992158-91992211:+	0.8319762192960751	0.8143360952635871	0.930017972190781	0.8438994342772853	1.0	1.0	1.0	1.0	0.8905522616836802	1.0	0.8840459442055458	0.9781104523367361	0.09406450813119027	0.09406450813119027	0.01383	0.0	0.01383	0.904442	ENSG00000127914
7:99386493-99386590:+	0.0	0.0	0.0	0.0	0.0	0.0	0.0	0.0	0.0009830920442873237	0.0	0.0	0.00019661840885746472	0.00019661840885746472	0.00019661840885746472	0.01051	0.0	0.01051	0.748468	ENSG00000130429
7:112470899-112471033:+	0.2815042384287963	0.40202794474183	0.32996202487234333	0.3685798345297885	0.3590676966777612	0.37934946182314777	0.298078687692445	0.3934107220402948	0.3764611806435595	0.28504300736442745	0.34822834785010387	0.34646861191277495	-0.0017597359373289212	0.0017597359373289212	0.030753	0.027305	0.030753	0.927207	ENSG00000006652
7:101234278-101234442:-	1.0	1.0	1.0	1.0	1.0	1.0	1.0	1.0	1.0	1.0	1.0	1.0	0.0	0.0	0.038288	0.013973	0.038288	0.904571	ENSG00000106404
7:23522132-23522432:-	0.05878654295455049	0.08906125549702935	0.08618099658879605	0.030609397338633066	0.08801956840160495	0.018192696564886042	0.026216168318141934	0.04749312235283931	0.0830612657900178	0.02919366771386953	0.07053155215612279	0.04083138414795092	-0.029700168008171872	0.029700168008171872	0.029918	0.013322	0.029918	1.076022	ENSG00000164548
7:22947033-22947247:-	0.0	0.0	0.0	0.0	0.0	0.0	0.0	0.0	0.0	0.0	0.0	0.0	0.0	0.0	0.042137	0.0	0.042137	1.830264	ENSG00000122591
7:16464316-16464387:-	0.09752626512511081	0.029241290521651	0.05444431153976743	0.07311974164170944	0.07592347248827984	0.0	0.06448533272692683	0.10564434358553378	0.20767551473141005	1.0	0.0660510162633037	0.27556103820877415	0.20951002194547044	0.20951002194547044	0.0386409999999999	0.035623	0.0386409999999999	0.962566	ENSG00000171243
7:30428504-30428609:-	0.0	0.08105844432808801	0.13128906017934736	0.13257053831676494	0.0	0.07254582773020031	0.11817858950340503	0.08862872620961917	0.0823653967170134	0.10536711443363751	0.06898360856484007	0.09341713091877507	0.024433522353935005	0.024433522353935005	0.039446	0.0	0.039446	1.2218719999999998	ENSG00000106100
7:30463986-30464061:-	0.0	0.0	0.0	0.0	0.0	0.0	0.0	0.0	0.0	0.0	0.0	0.0	0.0	0.0	0.037343	0.010853	0.037343	0.940107	ENSG00000106100
7:50705140-50705323:-	0.8286382638667019	0.7466860430095358	0.7710393420345468	0.6301992228594132	0.09250464101621758	0.24671570069711093	0.247820452870085	0.21583644932225982	0.17595985659003124	0.21792224860485812	0.6138135025572831	0.220850941616869	-0.39296256094041404	0.39296256094041404	0.040853	0.023254	0.040853	0.694569	ENSG00000106070
7:94598775-94598963:-	1.0	1.0	1.0	1.0	1.0	0.9887114282678253	0.994588405689232	1.0	0.9927407945466271	1.0	1.0	0.9952081257007368	-0.004791874299263199	0.004791874299263199	0.039345	0.029791	0.039345	0.940857	ENSG00000127990
7:96622953-96623104:-	0.37840304843593797	0.0	0.0	0.0	0.0	0.0	0.0	0.28551515014369444	0.0	0.0	0.0756806096871876	0.057103030028738885	-0.01857757965844871	0.01857757965844871	0.047757	0.036287	0.047757	1.106205	ENSG00000127922
7:156736493-156736615:-	0.1684494916659685	0.2628807597085625	0.2335043923700546	0.12112944239265268	0.1113444356378224	0.2501313465060033	0.31815089309821065	0.3558148438091818	0.31866094401107076	0.37464035918992417	0.17946170435501213	0.32347967732287813	0.144017972967866	0.144017972967866	0.026108	0.013826	0.026108	0.934389	ENSG00000105983
8:74360137-74360310:+	0.9764015647067784	1.0	0.9974689000006814	0.9906808769201594	0.9307401364097972	0.9175441887266413	0.9139127936938642	1.0	0.9235482499118729	1.0	0.9790582956074833	0.9510010464664755	-0.028057249141007712	0.028057249141007712	0.018233	0.03051	0.03051	1.160385	ENSG00000104381
8:42396678-42396680:+	0.34978204931712137	0.30896052571443017	0.3519858860329092	0.26244353098856305	0.10133913710420299	0.08005411418955274	0.06259451461298601	0.053491291936609994	0.0576828335882135	0.0550221203826571	0.27490222583144536	0.061768974942003875	-0.2131332508894415	0.2131332508894415	0.0428749999999999	0.0480499999999999	0.0480499999999999	0.927204	ENSG00000078668
8:432886-432935:+	0.4420049875029863	0.38344692438887806	0.4939909284024906	0.35158772630814566	0.33117737759233984	0.29949944954599717	0.1780217306606069	0.2937987951415856	0.39289717202715674	0.22663509920720168	0.4004415888389681	0.27817044931650964	-0.12227113952245844	0.12227113952245844	0.036917	0.035856	0.036917	0.906787	ENSG00000147364
8:2141141-2141177:+	1.0	1.0	1.0	0.9852169221197791	1.0	1.0	1.0	1.0	1.0	0.9599286003143737	0.9970433844239558	0.9919857200628748	-0.005057664361081016	0.005057664361081016	0.03146	0.027844	0.03146	1.068183	ENSG00000036448
8:6724870-6724939:+	0.6101994768483735	0.5683735048461064	0.5677345023614757	0.8068221622775807	0.793098053787914	0.4758235046840182	0.534673607751442	0.4553554445675939	0.49158913368605756	0.49717624253892134	0.66924554002429	0.49092358664560665	-0.1783219533786834	0.1783219533786834	0.041086	0.0	0.041086	0.923327	ENSG00000155189
8:17924713-17924780:+	0.9802933996369713	0.9969457388682542	0.9852410689516997	0.9955895071606263	0.9957701372046501	0.9919531126168902	0.9905263599254807	0.9816538570348117	0.9754676368547741	0.9784325995383606	0.9907679703644403	0.9836067131940636	-0.007161257170376745	0.007161257170376745	0.025754	0.022064	0.025754	0.931064	ENSG00000078674
8:43102505-43102600:+	0.08112379022764774	0.10376372964435213	0.07728121946772319	0.06537243122294478	0.024862902999999544	0.04373765891358835	0.03534720072144014	0.047403613559676365	0.027048677734126864	0.04659930762932916	0.07048081471253348	0.040027291711632176	-0.030453523000901303	0.030453523000901303	0.046777	0.036306	0.046777	0.921732	ENSG00000185900
8:48043499-48043626:+	0.02093197163075707	0.021126777993896746	0.010657554908618461	0.0024198466169658645	0.016929115649223853	0.01225618276388312	0.01021745514184659	0.031648108909405996	0.011374597099334924	0.020140715865330654	0.0144130533598924	0.017127411955960258	0.0027143585960678583	0.0027143585960678583	0.018227	0.0	0.018227	1.038658	ENSG00000169139
8:84804770-84804802:+	0.9440663508021577	0.9582698923783444	0.9583285352890556	0.9662783497588444	0.9890049794888127	0.993377717432724	0.0	1.0	1.0	1.0	0.963189621543443	0.7986755434865448	-0.16451407805689822	0.16451407805689822	0.043798	0.039382	0.043798	0.931013	ENSG00000184672
8:135645059-135645117:+	1.0	0.6376699133717202	1.0	1.0	0.9282319908275177	0.5055785254021764	1.0	0.43993033680439886	0.35345726135409883	1.0	0.9131803808398476	0.6597932247121349	-0.2533871561277128	0.2533871561277128	0.044186	0.042137	0.044186	0.929503	ENSG00000131773
8:19601771-19601865:-	0.9354153179089508	1.0	1.0	1.0	1.0	1.0	0.8733373019940549	1.0	1.0	1.0	0.9870830635817901	0.974667460398811	-0.012415603182979074	0.012415603182979074	0.021404	0.0	0.021404	1.021577	ENSG00000147408
8:41957049-41957180:-	0.06705846382971119	0.0	0.10329053668313214	0.0	0.0	0.15736589176843926	0.3041040032241855	0.3062302554367086	0.32385642145652327	0.29329297891741574	0.034069800102568666	0.2769699101606545	0.24290011005808582	0.24290011005808582	0.028897	0.011712	0.028897	0.932013	ENSG00000083168
9:65690967-65691026:+	0.8988673220148956	0.6976474881629575	0.6801654461043208	1.0	0.8542161900098609	0.6804719677455897	0.5067672746893134	0.5910089858930491	0.6571939833229467	0.7365207078966652	0.826179289258407	0.6343925839095128	-0.1917867053488942	0.1917867053488942	0.034196	0.02361	0.034196	1.09269	ENSG00000147996
9:65731630-65731698:+	0.9594964240211461	1.0	0.8879224420196804	0.8036689699717474	1.0	0.9740295913959539	1.0	1.0	0.9933807264172982	1.0	0.9302175672025147	0.9934820635626505	0.06326449636013576	0.06326449636013576	0.0309289999999999	0.012107	0.0309289999999999	0.902274	ENSG00000147996
9:68256921-68256980:+	1.0	1.0	0.9651196792580381	1.0	0.969526588327313	0.9760115326055266	0.9942695972165676	1.0	1.0	0.9603111763167641	0.9869292535170702	0.9861184612277716	-0.0008107922892985897	0.0008107922892985897	0.034197	0.02361	0.034197	1.087612	ENSG00000196873
9:110728688-110728717:+	0.0	0.0	0.5446988161559889	0.0	0.0	0.0	0.0	0.9650078080052601	0.0	0.0	0.10893976323119778	0.19300156160105203	0.08406179836985425	0.08406179836985425	0.036846	0.013835	0.036846	0.921734	ENSG00000030304
9:117708199-117708318:+	0.500641706025309	0.5554802448924999	0.5218493902693254	0.3673415799195979	0.3294986253186203	0.5897983354362163	0.6100522201664376	0.6281216722758147	0.6309492479245238	0.6209420216388085	0.45496230928507053	0.6159726994883601	0.16101039020328956	0.16101039020328956	0.032449	0.0	0.032449	0.737275	ENSG00000136869
9:125949378-125949440:+	0.0	0.014457407798656736	0.0	0.0	0.01220524623278988	0.01781432964509486	0.043397040278996636	0.011472697391198794	0.01726960543132276	0.0035930442189957136	0.005332530806289324	0.018709343393121754	0.01337681258683243	0.01337681258683243	0.028168	0.016012	0.028168	0.925629	ENSG00000167081
9:127482950-127483020:+	0.9802432015312038	1.0	1.0	1.0	1.0	1.0	0.9891727814223544	1.0	1.0	1.0	0.9960486403062407	0.9978345562844708	0.0017859159782300793	0.0017859159782300793	0.022386	0.0	0.022386	1.079801	ENSG00000148356
9:92319943-92320379:-	0.019885802867369164	0.013969229881571758	0.006126628215752862	0.0	0.032602733571453796	0.004172515257799486	0.0	0.016870643524622378	0.025158154610463113	0.021957295294371917	0.014516878907229516	0.01363172173745138	-0.0008851571697781353	0.0008851571697781353	0.029082	0.027504	0.029082	0.929864	ENSG00000198000
9:163978-164037:-	0.9720725131190467	0.9716206933887799	0.9567329792528013	0.9292606691083632	1.0	1.0	0.9904618635102976	0.9931749687385167	0.9860058214894597	0.9792163439272654	0.9659373709737981	0.9897717995331078	0.023834428559309728	0.023834428559309728	0.034197	0.047449	0.047449	1.087612	ENSG00000172785
9:8497242-8497268:-	1.0	0.9323289404689364	0.9777984285937807	0.9828890992247277	0.8192899694835966	0.8204345684689344	0.893976356744238	0.9115841154939069	0.6686616000859275	0.820088213445705	0.9424612875542083	0.8229489708477423	-0.119512316706466	0.119512316706466	0.034609	0.013838	0.034609	1.009245	ENSG00000153707
9:41174293-41174352:-	0.5428334664709774	0.48274006028419697	0.5984733253737133	0.496662271715203	0.8046683092642655	0.7353447096730631	0.9487432986442959	0.6198817204237763	0.6271296861582911	0.4243486521423761	0.5850754866216713	0.6710896134083606	0.0860141267866893	0.0860141267866893	0.034197	0.02361	0.034197	1.087612	ENSG00000215126
9:131526445-131526503:-	0.005018659265625799	0.0	0.0018652172149443225	0.01115223655086797	0.00804960618572008	0.01380241936586867	0.0	0.011988151146265896	0.009888771110930344	0.011737717286205705	0.005217143843431635	0.009483411781854124	0.004266267938422489	0.004266267938422489	0.0474	0.0	0.0474	0.6906680000000001	ENSG00000130717
9:132266127-132266249:-	0.536662832687783	0.4799385692566492	0.4678710884256859	0.7321417698966413	0.7073417138090402	0.6011269743391455	0.6279145431364032	0.6937505899229861	0.45920471497838067	0.6587844416910035	0.5847911948151598	0.6081562528135838	0.02336505799842392	0.02336505799842392	0.040563	0.0	0.040563	0.931274	ENSG00000107290
9:132927201-132927304:-	0.9914292280203273	1.0	1.0	1.0	1.0	0.9862643908469941	1.0	1.0	1.0	1.0	0.9982858456040654	0.9972528781693988	-0.0010329674346666318	0.0010329674346666318	0.032082	0.0	0.032082	0.690455	ENSG00000165699
X:9653545-9653689:+	0.4776631597497849	0.2532541961549466	0.4192239301594512	0.34234912125570716	0.22524077816633012	0.12619714708076352	0.17602890805421642	0.2973832721570373	0.25279264901556664	0.39615411050413285	0.343546237097244	0.24971121736234334	-0.09383501973490069	0.09383501973490069	0.038524	0.039166	0.039166	0.902962	ENSG00000101849
X:47583408-47583536:+	0.9927422525223623	0.9896533210541817	1.0	1.0	1.0	0.9930155121563713	0.9948778435036948	0.9958486224723974	0.9947184694398856	0.9979513434566941	0.9964791147153088	0.9952823582058086	-0.0011967565095002408	0.0011967565095002408	0.031354	0.0124	0.031354	0.90329	ENSG00000102265
X:77974745-77974808:+	0.0	0.0	0.0	0.011017888607535853	0.0	0.0	0.0	0.0	0.0	0.0	0.002203577721507171	0.0	-0.002203577721507171	0.002203577721507171	0.039819	0.015479	0.039819	0.658466	ENSG00000165240
X:150712944-150712970:+	0.0	0.0	0.01678400004819856	0.0	0.0	0.0	0.0	0.0	0.010371406304339739	0.0	0.003356800009639712	0.0020742812608679478	-0.001282518748771764	0.001282518748771764	0.021083	0.0	0.021083	0.932938	ENSG00000063601
X:136877915-136878086:-	0.9510755453050318	0.9630133008396216	0.9541672374418747	0.9240685520235205	0.9287306351541735	0.9885099093207778	0.9840149504049778	0.9680670749531998	0.9528983324768897	0.9490355525215848	0.9442110541528443	0.968505163935486	0.024294109782641682	0.024294109782641682	0.024883	0.0	0.024883	0.698241	ENSG00000147274
X:136877915-136877964:-	0.0	0.0	0.0	0.0	0.0	0.11185191431642065	0.0	0.0	0.0	0.0	0.0	0.02237038286328413	0.02237038286328413	0.02237038286328413	0.028163	0.0	0.028163	0.698241	ENSG00000147274
X:11148630-11148719:-	0.021948765266432	0.010805722706013968	0.0582917234752458	0.0	0.0	0.0	0.0	0.0	0.0	0.008939580381335918	0.018209242289538352	0.0017879160762671836	-0.016421326213271168	0.016421326213271168	0.03958	0.011813	0.03958	1.091695	ENSG00000047648
X:32960208-32960347:-	0.0	0.0	0.0	0.0	0.0	0.0	0.0	0.0	0.0	0.0	0.0	0.0	0.0	0.0	0.044766	0.037196	0.044766	0.685519	ENSG00000198947
X:41622617-41622634:-	0.26296199838263584	0.2020125228689918	0.2330711458476299	0.18177505620507528	0.11902869032537129	0.2148033386816742	0.07064756547441806	0.08375434514542973	0.05010047623852189	0.06918801489442175	0.19976988272594082	0.09769874808689312	-0.1020711346390477	0.1020711346390477	0.042483	0.0	0.042483	0.907981	ENSG00000147044
X:49255429-49255509:-	1.0	1.0	1.0	1.0	1.0	1.0	0.9777374904769883	1.0	1.0	1.0	1.0	0.9955474980953977	-0.004452501904602335	0.004452501904602335	0.036752	0.038372	0.038372	0.644139	ENSG00000049768
X:72601991-72602029:-	0.14330455379994694	0.07528040346770692	0.06068159090042695	0.08527947562992168	0.05722773612454647	0.018656906297059263	0.0	0.07962776375225006	0.0313469783546932	0.17969153035898414	0.08435475198450978	0.06186463575259733	-0.022490116231912452	0.022490116231912452	0.038623	0.030523	0.038623	0.929076	ENSG00000067177
X:74612582-74612643:-	0.020260705199254873	0.014442639981406795	0.029634688560455907	0.00458841803465653	0.004304485801204786	0.04587110150119637	0.007169946372441038	0.024155124562811523	0.15707521639516384	0.028178540250464748	0.014646187515395776	0.052489985816415494	0.03784379830101972	0.03784379830101972	0.042131	0.029768	0.042131	0.929291	ENSG00000131263
X:103827005-103827078:-	0.4401019054986344	0.0	0.5453134276667327	0.24599681684565022	0.12408304486986094	1.0	0.0	0.2638143980134699	0.9032997449772968	0.4725406017484497	0.2710990389761757	0.5279309489478432	0.2568319099716675	0.2568319099716675	0.0431449999999999	0.011072	0.0431449999999999	0.905306	ENSG00000288597
